epoch,train_r2,validation_r2,train_rmse,validation_rmse,time,lr,band_1,band_2,band_3,band_4,band_5,band_6,band_7,band_8,band_9,band_10
0,0.06915301589813472,0.07649516565742709,73.94466826515452,67.10950414713999,0.14,0.001,382,760,1136,1516,1893,2269,2649,3024,3402,3780
1,0.09349735567808815,0.1061810292226334,72.97132958502435,66.02207993590099,0.15,0.001,383,760,1136,1515,1894,2269,2649,3023,3402,3780
2,0.11472745573355358,0.13467763008603928,72.11178049888069,64.96110239380756,0.17,0.001,383,761,1136,1515,1895,2270,2650,3023,3402,3779
3,0.11808284515028589,0.14037120850898765,71.97499158779041,64.74703631006982,0.18,0.001,383,761,1137,1514,1896,2270,2651,3022,3402,3779
4,0.12741742225922736,0.15035777038844345,71.59307139028014,64.36984202637133,0.2,0.001,384,760,1137,1514,1896,2269,2652,3021,3401,3779
5,0.14242389453897775,0.16515873776501822,70.97478370431995,63.806713054814026,0.21,0.001,384,760,1136,1515,1897,2269,2653,3020,3401,3778
6,0.15069184492258814,0.17141408498032384,70.63181659581608,63.567216516259386,0.23,0.001,384,759,1136,1515,1898,2268,2654,3019,3401,3778
7,0.15510165847513846,0.17408179295532433,70.4482127778537,63.46480323770019,0.24,0.001,385,759,1136,1515,1899,2267,2654,3018,3401,3778
8,0.1642969396597469,0.18428332688675542,70.06380671729698,63.071635859552586,0.25,0.001,385,758,1136,1515,1899,2266,2655,3018,3401,3778
9,0.17531398922929642,0.19803308813080356,69.60044660753802,62.53780497252242,0.27,0.001,385,758,1136,1515,1900,2266,2656,3017,3401,3777
10,0.18197102705497703,0.20680434263858827,69.31896667309027,62.19487236450848,0.28,0.001,386,757,1137,1515,1901,2265,2656,3016,3401,3777
11,0.1862415274709731,0.21176537556727537,69.13779125548848,62.00006694174814,0.29,0.001,386,757,1137,1515,1902,2264,2657,3015,3401,3777
12,0.1934937771615055,0.21878485492453137,68.82902063832704,61.723387879539835,0.31,0.001,386,756,1137,1516,1902,2264,2657,3014,3401,3777
13,0.20182377611510482,0.22595927134450888,68.47264722477692,61.439308054524425,0.32,0.001,387,755,1137,1516,1903,2263,2657,3013,3401,3777
14,0.2075043492123475,0.22983838129635126,68.22855518173824,61.28516409287508,0.34,0.001,387,755,1137,1517,1904,2263,2656,3012,3402,3776
15,0.21273140236465737,0.23401355090200882,68.00317375406092,61.11882278027674,0.35,0.001,387,754,1137,1517,1904,2263,2656,3011,3402,3776
16,0.2200075829888576,0.241833130858915,67.68819251723302,60.80605414515174,0.36,0.001,388,753,1138,1518,1905,2263,2656,3011,3402,3776
17,0.2270512537758631,0.2500663782193825,67.3818736347636,60.47499362145998,0.38,0.001,388,753,1138,1518,1906,2263,2656,3010,3403,3776
18,0.23225565780071855,0.25607331154009894,67.15464676425043,60.232305817248104,0.39,0.001,388,752,1139,1519,1907,2264,2656,3009,3403,3776
19,0.2378642281756056,0.2617082174798929,66.90890276735414,60.00375557907813,0.4,0.001,389,751,1139,1519,1907,2264,2656,3008,3404,3776
20,0.24492024023386272,0.2680556399134735,66.59845346482342,59.74526001073223,0.42,0.001,389,751,1140,1520,1908,2264,2656,3007,3404,3776
21,0.2514153064910112,0.2733301278544388,66.31139917205978,59.52960340570584,0.43,0.001,390,750,1140,1521,1909,2263,2656,3006,3404,3776
22,0.25723377777659473,0.27823762304627053,66.0531901256953,59.32825051013851,0.44,0.001,390,749,1141,1521,1910,2263,2656,3005,3405,3776
23,0.2640956571968298,0.285348763964838,65.74737102633839,59.03526157623933,0.46,0.001,390,748,1141,1522,1911,2263,2656,3004,3406,3776
24,0.271301478209655,0.2937095806376887,65.42469057411544,58.6889143865773,0.47,0.001,391,748,1142,1523,1912,2262,2656,3003,3406,3776
25,0.27754331001689037,0.3009492090284971,65.1438837185618,58.38735314956913,0.48,0.001,391,747,1143,1523,1912,2262,2656,3003,3407,3776
26,0.28398827749342015,0.30770537058097036,64.85266128526455,58.104520081541416,0.5,0.001,391,746,1143,1524,1913,2262,2656,3002,3407,3776
27,0.29105139786853573,0.31430407642385294,64.53199530441276,57.82693865305663,0.51,0.001,392,745,1144,1525,1914,2262,2657,3001,3408,3776
28,0.29777338079505056,0.3202434994092941,64.22533421234567,57.57594763522134,0.52,0.001,392,745,1145,1526,1915,2263,2657,3000,3409,3776
29,0.30528843647103454,0.3275060607722974,63.88074827363875,57.26755197985701,0.54,0.001,392,744,1146,1526,1916,2263,2657,2999,3409,3776
30,0.31267788434301913,0.33523926829853934,63.540099451301224,56.937330628864444,0.55,0.001,393,743,1147,1527,1916,2263,2657,2998,3410,3777
31,0.3193344392435351,0.3428820767917735,63.231664600919096,56.6090752648703,0.57,0.001,393,742,1148,1528,1917,2263,2658,2997,3411,3777
32,0.325946185767521,0.35005186360005314,62.92381111995184,56.29940105004449,0.58,0.001,394,742,1148,1529,1918,2263,2658,2997,3411,3777
33,0.33308282208683593,0.3569240710418937,62.58981827392136,56.00097001461783,0.59,0.001,394,741,1149,1529,1919,2263,2658,2996,3412,3777
34,0.3399379220699623,0.3631606003270085,62.2673129476353,55.72876338444426,0.61,0.001,394,740,1150,1530,1920,2263,2658,2995,3413,3777
35,0.34694492733774007,0.3701287748069718,61.93592526063226,55.42303573988888,0.62,0.001,395,739,1151,1531,1920,2263,2658,2994,3414,3777
36,0.35430723122294105,0.37820452911527,61.585814113316715,55.06659010419226,0.63,0.001,395,738,1152,1532,1921,2263,2658,2994,3414,3778
37,0.36138822767023226,0.3856290496209883,61.247193813267884,54.73684381029381,0.65,0.001,395,738,1153,1532,1922,2263,2657,2993,3415,3778
38,0.36887371256431833,0.39258811455937037,60.887180746827774,54.42595493248143,0.66,0.001,396,737,1154,1533,1923,2262,2657,2992,3416,3778
39,0.37616713361974774,0.3989727749384283,60.534347494315156,54.1391571770724,0.67,0.001,396,736,1155,1534,1924,2262,2657,2992,3416,3778
40,0.38369169875543063,0.4062269600104045,60.168162375727206,53.811445166055286,0.69,0.001,396,735,1156,1535,1925,2262,2656,2991,3417,3778
41,0.39124269710100146,0.4139926190206056,59.798434621678226,53.45840006125675,0.7,0.001,397,734,1157,1536,1925,2261,2656,2990,3418,3779
42,0.3987200975150842,0.42111510292039434,59.43004644051589,53.13253623016691,0.71,0.001,397,733,1158,1536,1926,2260,2656,2990,3419,3779
43,0.40630050936467643,0.42764205044984227,59.05423842682145,52.83214778753321,0.73,0.001,398,733,1159,1537,1927,2259,2656,2990,3419,3779
44,0.41377886073104786,0.4345211408103996,58.68113067806593,52.513697989786436,0.74,0.001,398,732,1160,1538,1928,2258,2656,2989,3420,3780
45,0.4214271384167876,0.4423489127824062,58.29707601814713,52.14896593833381,0.75,0.001,398,731,1161,1538,1929,2257,2656,2989,3421,3780
46,0.428956913188681,0.44970901797688356,57.916481658127765,51.80368073689962,0.77,0.001,399,730,1162,1539,1930,2256,2657,2989,3422,3781
47,0.4365948110951098,0.45649628994766,57.52785076188098,51.483217930852234,0.78,0.001,399,729,1163,1540,1931,2255,2657,2989,3423,3781
48,0.4442607900499663,0.46392208589531536,57.135136545955675,51.130305157203495,0.79,0.001,399,728,1164,1540,1932,2254,2657,2989,3423,3781
49,0.45189510464501137,0.47190663157321866,56.74133718642102,50.748094945771115,0.81,0.001,400,728,1165,1541,1933,2253,2658,2989,3424,3782
50,0.45964270897181025,0.4791859417578802,56.33888376795151,50.39712409639562,0.82,0.001,400,727,1166,1541,1934,2252,2658,2989,3425,3782
51,0.4672770635727095,0.4861130228255677,55.93947927713374,50.06084920421222,0.83,0.001,400,726,1167,1542,1935,2251,2658,2989,3426,3783
52,0.4750506556784192,0.49405293095002845,55.52984091839157,49.67260979717595,0.85,0.001,401,725,1168,1542,1937,2250,2658,2990,3427,3783
53,0.48275114379732065,0.5012959776236374,55.121051534469345,49.315774903136976,0.86,0.001,401,724,1168,1543,1938,2248,2658,2990,3428,3784
54,0.49036940025983766,0.5080045379885008,54.713623224990776,48.98295203276085,0.88,0.001,401,723,1169,1543,1940,2247,2658,2991,3429,3784
55,0.4980590862614013,0.5158411075322942,54.299276026049604,48.5912856087321,0.89,0.001,402,723,1170,1543,1941,2246,2658,2991,3429,3785
56,0.5056733574353776,0.522870095762819,53.88584985367796,48.23727264943832,0.9,0.001,402,722,1171,1543,1943,2245,2657,2992,3430,3786
57,0.5131759199741419,0.5296752314428036,53.47536578737681,47.892042189471574,0.92,0.001,402,721,1171,1543,1945,2244,2657,2993,3431,3786
58,0.5206433730908535,0.5372847721399119,53.06364563692595,47.503032386759266,0.93,0.001,403,720,1172,1543,1946,2242,2657,2993,3432,3787
59,0.5280769316583027,0.5435506786183404,52.65060012344945,47.18030263819055,0.95,0.001,403,719,1172,1543,1948,2241,2657,2994,3433,3787
60,0.5353995285674529,0.5509907733561676,52.24052555024332,46.794203805232385,0.96,0.001,403,718,1173,1543,1950,2240,2656,2995,3434,3788
61,0.5426046625220154,0.5571784103896604,51.83386688121363,46.47065711453035,0.98,0.001,404,718,1173,1543,1952,2239,2656,2996,3435,3788
62,0.5496940307277418,0.5643724986769908,51.43060071059957,46.0916286588126,0.99,0.001,404,717,1174,1543,1954,2238,2656,2997,3436,3789
63,0.5566065135855456,0.5699542166728118,51.03432850098916,45.79539030773185,1.01,0.001,404,716,1174,1543,1955,2236,2656,2998,3437,3790
64,0.5631695637673297,0.5772118091045989,50.65521860455248,45.407317283568126,1.02,0.001,405,715,1174,1543,1957,2235,2656,2998,3438,3790
65,0.5687408063381807,0.5796148919054027,50.3311567699062,45.278087687195615,1.04,0.001,405,714,1175,1543,1959,2234,2656,2999,3439,3791
66,0.5722910187940226,0.5860369443960866,50.12356070642453,44.93090941761306,1.06,0.001,405,714,1175,1542,1961,2232,2656,3000,3440,3792
67,0.5767440224107416,0.5838432412346466,49.861950536738185,45.04980425352867,1.07,0.001,405,713,1175,1542,1963,2231,2656,3000,3441,3792
68,0.5865828158148197,0.5985886002179006,49.27901072908729,44.244496148709,1.09,0.001,406,712,1175,1542,1965,2229,2656,3001,3441,3793
69,0.5934195317204127,0.6042612655851636,48.8698496726893,43.93075800647466,1.1,0.001,406,711,1175,1542,1967,2228,2656,3001,3442,3793
70,0.5952785832356424,0.6013740965165308,48.75799463693749,44.09071708430032,1.12,0.001,406,710,1175,1542,1969,2228,2656,3001,3443,3794
71,0.6019577958127221,0.6123884019161101,48.353985463002424,43.47732408924148,1.13,0.001,407,710,1175,1541,1971,2227,2656,3001,3444,3794
72,0.6095055591074207,0.6180739558918709,47.89334464137475,43.15727958583581,1.15,0.001,407,709,1175,1541,1973,2226,2656,3001,3445,3795
73,0.6114759438684754,0.6163921637652313,47.77235855793076,43.252195798667266,1.16,0.001,407,708,1175,1541,1974,2225,2656,3001,3445,3795
74,0.6164334048762888,0.6249532250864196,47.4666026711479,42.7668366767515,1.18,0.001,407,708,1174,1541,1976,2225,2656,3002,3446,3796
75,0.6236370038115774,0.6298812653359964,47.018763915656585,42.48493385298119,1.19,0.001,407,707,1174,1541,1978,2224,2656,3002,3447,3796
76,0.6262240530772736,0.6299787223168101,46.85688191517335,42.47934068186117,1.21,0.001,408,706,1174,1541,1980,2224,2656,3001,3447,3797
77,0.6298646675003963,0.6365606717751529,46.62812856041807,42.09983368249511,1.22,0.001,408,706,1174,1540,1982,2223,2655,3002,3448,3797
78,0.6363085720729642,0.6404674470675578,46.220461428760096,41.8729477109028,1.24,0.001,408,705,1173,1540,1984,2223,2655,3002,3448,3798
79,0.6397024855458693,0.6426061638732791,46.00429349018687,41.7482193435765,1.26,0.001,408,704,1173,1540,1986,2222,2655,3001,3449,3799
80,0.6423489576545618,0.6473161218642542,45.835026010410424,41.47221455478505,1.27,0.001,409,704,1173,1540,1988,2222,2655,3001,3450,3799
81,0.6476145603441748,0.6494971947574243,45.496367257109114,41.343779525688625,1.29,0.001,409,703,1172,1540,1989,2222,2654,3001,3450,3800
82,0.6518759570997567,0.6538398174713742,45.22043313859552,41.0868622435863,1.3,0.001,409,702,1172,1539,1991,2221,2654,3001,3451,3800
83,0.6541612006079789,0.6571086877278183,45.07176758679914,40.89240717839621,1.32,0.001,409,702,1171,1539,1993,2221,2654,3001,3451,3801
84,0.6577648533910438,0.6573497131366506,44.836327510718775,40.878032606825485,1.33,0.001,409,701,1171,1539,1995,2221,2654,3001,3451,3801
85,0.6623321382187621,0.6634030668401364,44.53614419377185,40.515341784586674,1.35,0.001,410,700,1170,1539,1996,2221,2654,3001,3452,3802
86,0.6654278566566905,0.6661705170433867,44.3315202920704,40.348441160738325,1.36,0.001,410,700,1170,1538,1998,2221,2654,3001,3452,3802
87,0.6677117048906631,0.6657808072638541,44.17995344194935,40.37198554439545,1.38,0.001,410,699,1170,1538,2000,2222,2654,3001,3452,3803
88,0.6710714696178183,0.6711764250414265,43.95603549730827,40.044776269137934,1.39,0.001,410,699,1169,1538,2001,2222,2654,3001,3453,3803
89,0.6749842399836428,0.6732059580047185,43.693812971543096,39.92100659525164,1.41,0.001,411,698,1168,1538,2003,2222,2654,3000,3453,3803
90,0.6779396226146219,0.6756453249396436,43.49470575496445,39.77173178796798,1.42,0.001,411,697,1168,1538,2004,2223,2654,3000,3453,3804
91,0.680137936318409,0.678818300800776,43.34600722988725,39.57672162434946,1.44,0.001,411,697,1167,1537,2006,2223,2654,3000,3454,3804
92,0.6827831627598495,0.6786964258584519,43.1664019445209,39.584229876085914,1.46,0.001,411,696,1167,1537,2007,2224,2653,3000,3454,3805
93,0.6861206366357636,0.6838269839295879,42.938722462583236,39.266918253672834,1.47,0.001,412,696,1166,1537,2009,2224,2653,3000,3454,3805
94,0.6893135865481608,0.685770774315517,42.71976584152455,39.146027883087164,1.49,0.001,412,695,1166,1537,2010,2225,2653,2999,3454,3806
95,0.6917880344993712,0.6875519157279779,42.5493064743165,39.03492464187519,1.5,0.001,412,695,1165,1536,2012,2225,2652,2999,3454,3806
96,0.6938581006640474,0.6906203800487225,42.406175156529386,38.84277735357067,1.52,0.001,412,694,1164,1536,2013,2226,2652,2999,3454,3806
97,0.6961525584294354,0.6905160064047349,42.24696474628015,38.849327711967874,1.53,0.001,412,694,1164,1536,2014,2227,2652,2999,3454,3807
98,0.6988704863660603,0.6949398025543613,42.057590781960066,38.57067092070655,1.55,0.001,413,693,1163,1536,2016,2227,2651,2998,3454,3807
99,0.7016781187804284,0.6960916368446326,41.86106636187288,38.49778523205507,1.56,0.001,413,693,1163,1536,2017,2228,2651,2998,3454,3808
100,0.7041759993789973,0.6988366794555465,41.685444336497724,38.32352735622646,1.58,0.001,413,692,1162,1535,2018,2228,2651,2998,3454,3808
101,0.706289720069081,0.7009420902853456,41.536252285277854,38.18933161012543,1.59,0.001,413,692,1161,1535,2019,2229,2650,2998,3454,3808
102,0.7081795969734556,0.7013794286975277,41.40240548189803,38.161398800337984,1.61,0.001,414,691,1161,1535,2021,2229,2650,2997,3454,3809
103,0.7100332670007243,0.7044979224434608,41.27069941111748,37.96161519898258,1.62,0.001,414,691,1160,1535,2022,2230,2650,2997,3454,3809
104,0.71196945077736,0.7042753747136405,41.13267969470488,37.97590756866862,1.64,0.001,414,690,1160,1535,2022,2231,2649,2997,3454,3809
105,0.7140120406810786,0.7079764079590332,40.98657304437485,37.73752251365675,1.65,0.001,414,690,1159,1534,2023,2231,2649,2997,3454,3810
106,0.7161639726924068,0.7081937192327097,40.832080391066285,37.72347959939456,1.67,0.001,415,689,1158,1534,2024,2232,2648,2996,3453,3810
107,0.7183324322334368,0.7115358816355742,40.67580507087798,37.506827178007704,1.68,0.001,415,689,1158,1534,2024,2232,2648,2996,3453,3810
108,0.7204305739238188,0.7124354246127655,40.52402565483145,37.448302581170985,1.7,0.001,415,688,1157,1534,2024,2233,2647,2996,3453,3810
109,0.7224150799626698,0.7146351405617942,40.37993995514667,37.30479466607644,1.71,0.001,415,688,1156,1534,2024,2234,2647,2996,3453,3811
110,0.7243032321915055,0.7162251120269814,40.24237177811622,37.20072473619886,1.73,0.001,415,688,1156,1533,2024,2235,2646,2995,3453,3811
111,0.7261102206789853,0.7174210650392383,40.11027432523134,37.12225105563373,1.75,0.001,416,687,1155,1533,2024,2235,2646,2995,3453,3811
112,0.7278458284618157,0.7195955741312465,39.982987409979295,36.97914484300999,1.76,0.001,416,687,1154,1533,2024,2236,2645,2995,3452,3811
113,0.7294920556611781,0.7198863916219622,39.861877003990294,36.95996071817532,1.78,0.001,416,686,1154,1533,2024,2237,2645,2995,3452,3811
114,0.7310007987765479,0.7225241630960922,39.75055737374556,36.78552936819637,1.79,0.001,416,686,1153,1533,2024,2238,2645,2995,3452,3812
115,0.7323194375781403,0.7215718101343457,39.65301005036928,36.848601846037695,1.81,0.001,417,686,1152,1533,2023,2239,2644,2995,3452,3812
116,0.733373565377865,0.7247105775227748,39.57485397803525,36.64031349814283,1.82,0.001,417,685,1152,1532,2023,2240,2644,2995,3452,3812
117,0.7341337837695447,0.721902371267985,39.51839588446436,36.826722899699476,1.84,0.001,417,685,1151,1532,2022,2241,2644,2995,3451,3812
118,0.7349271706042759,0.7261320001127167,39.45938687930446,36.54559738842098,1.85,0.001,417,684,1151,1532,2022,2242,2643,2995,3451,3812
119,0.7366466938337046,0.7237346924256354,39.331193079074495,36.70520195538961,1.87,0.001,417,684,1150,1532,2021,2243,2643,2995,3451,3812
120,0.739522708269521,0.7302915032712591,39.115840144311264,36.26700840209322,1.88,0.001,418,684,1149,1531,2021,2243,2642,2995,3451,3813
121,0.7426079856193017,0.7313108838545443,38.883491398282544,36.19840752065276,1.9,0.001,418,683,1149,1531,2021,2244,2642,2995,3451,3813
122,0.7444315847898153,0.733417935950984,38.74550597680249,36.05619325810235,1.91,0.001,418,683,1148,1531,2021,2244,2641,2995,3450,3813
123,0.7450064168515595,0.7349054773604642,38.70190595324812,35.9554557724511,1.93,0.001,418,683,1147,1531,2020,2245,2640,2995,3450,3813
124,0.7455848276132098,0.7326074827754223,38.65798677383821,36.110958762866396,1.94,0.001,418,682,1147,1531,2020,2245,2639,2995,3450,3813
125,0.747183858331731,0.7369765682497025,38.5363106850012,35.81472574344421,1.95,0.001,418,682,1146,1531,2020,2246,2638,2995,3450,3813
126,0.7495605050197779,0.7372499821360767,38.35474927557456,35.796107723117046,1.97,0.001,419,681,1145,1531,2020,2246,2637,2995,3450,3813
127,0.7515300789461605,0.7402654858419804,38.203631451142016,35.590104208587604,1.98,0.001,419,681,1145,1530,2020,2247,2636,2995,3449,3813
128,0.7525705234633974,0.7416875442390307,38.12355914285483,35.492542611859854,1.99,0.001,419,681,1144,1530,2020,2248,2635,2995,3449,3813
129,0.7532641106007143,0.7404774002266294,38.07009045312836,35.57558078573261,2.01,0.001,419,681,1144,1530,2020,2248,2634,2995,3449,3813
130,0.7544554819159806,0.74369496310314,37.978067593863464,35.35436021388045,2.02,0.001,419,680,1143,1530,2020,2249,2633,2995,3449,3813
131,0.7562648011383046,0.7435816056571747,37.837886945184486,35.362178136790796,2.04,0.001,419,680,1142,1530,2020,2250,2632,2995,3449,3814
132,0.7580064572384025,0.7463574211632402,37.702453177292554,35.17025241981407,2.05,0.001,419,680,1142,1530,2020,2250,2631,2995,3449,3814
133,0.7591839554075526,0.7476344665665138,37.61061485284939,35.08160304305253,2.06,0.001,420,679,1141,1529,2020,2251,2630,2995,3449,3814
134,0.7600254033415688,0.7472820116490901,37.54484948240238,35.10609269258863,2.08,0.001,420,679,1141,1529,2020,2252,2630,2995,3448,3814
135,0.761052790978099,0.7499166739509291,37.4643939033701,34.922617791317386,2.09,0.001,420,679,1140,1529,2020,2252,2629,2995,3448,3814
136,0.7624604236683297,0.7497422289758282,37.3538803597389,34.93479556840501,2.1,0.001,420,678,1140,1529,2020,2253,2628,2995,3448,3814
137,0.7639460042195291,0.7522787066663678,37.236891110433916,34.75730413063832,2.12,0.001,420,678,1139,1529,2020,2254,2627,2995,3448,3814
138,0.7651684163795215,0.7531902449181045,37.14034891567559,34.693297305527004,2.13,0.001,420,678,1138,1529,2021,2254,2627,2995,3448,3814
139,0.766129128137928,0.7534594331307047,37.0642999273096,34.67437286799954,2.14,0.001,420,678,1138,1529,2021,2255,2626,2995,3448,3814
140,0.7670690399682817,0.7553661512873792,36.98974467251024,34.5400299923871,2.16,0.001,420,677,1137,1529,2021,2256,2625,2995,3448,3814
141,0.7681658086181298,0.7551181991962743,36.90256021193262,34.5575285331621,2.17,0.001,421,677,1137,1528,2021,2257,2625,2995,3448,3814
142,0.7694022192123888,0.7573996582174867,36.80402332371422,34.39617245693916,2.19,0.001,421,677,1136,1528,2021,2257,2624,2995,3448,3814
143,0.7706013691661696,0.757994764027142,36.708204935277244,34.35396018042352,2.2,0.001,421,676,1136,1528,2021,2258,2623,2995,3448,3814
144,0.7716378378334915,0.7589822185353267,36.62518331332111,34.28380125249113,2.21,0.001,421,676,1135,1528,2021,2259,2623,2995,3448,3814
145,0.7725580236556947,0.7603391055159265,36.551318736362816,34.18715721948814,2.23,0.001,421,676,1135,1528,2021,2260,2622,2994,3448,3814
146,0.7734791121092914,0.7602920068850474,36.47723096544268,34.190518819527114,2.24,0.001,421,676,1134,1528,2021,2260,2621,2994,3447,3814
147,0.7744702154779606,0.7621643631168151,36.39734165419485,34.056724352656296,2.25,0.001,421,675,1134,1528,2021,2261,2621,2994,3447,3814
148,0.7755203569883413,0.7622798117701008,36.312506723321235,34.04845969235429,2.27,0.001,421,675,1133,1528,2021,2261,2620,2994,3447,3814
149,0.7765632216200096,0.7638425598994598,36.22805942966118,33.936357960181326,2.28,0.001,421,675,1133,1528,2021,2262,2619,2994,3447,3814
150,0.7775337052851101,0.7645584384167167,36.14929438280919,33.884884901747675,2.29,0.001,422,675,1132,1527,2021,2263,2619,2994,3447,3814
151,0.7784238266723627,0.7651383898636325,36.07690353605753,33.843122397227916,2.31,0.001,422,675,1132,1527,2021,2263,2618,2994,3447,3814
152,0.7792739815765232,0.7663986496021475,36.00762689120094,33.75219900243538,2.32,0.001,422,674,1131,1527,2021,2264,2617,2994,3447,3814
153,0.780134070696522,0.7664464334350725,35.937406589552516,33.74874853003812,2.34,0.001,422,674,1131,1527,2021,2264,2617,2994,3447,3814
154,0.7810222215338644,0.7679987584903896,35.86474803155861,33.636404606374775,2.35,0.001,422,674,1130,1527,2021,2265,2616,2994,3447,3814
155,0.7819308612367145,0.7681665617869345,35.79025882769116,33.6242394343584,2.36,0.001,422,674,1130,1527,2021,2266,2615,2993,3447,3814
156,0.7828335175558792,0.7694533008237237,35.716108142676674,33.530796755440925,2.38,0.001,422,673,1129,1527,2021,2266,2615,2993,3446,3814
157,0.7837032548602826,0.7700160233148182,35.644513912667016,33.48985022897796,2.39,0.001,422,673,1129,1527,2021,2267,2614,2993,3446,3814
158,0.7845305950224722,0.7707385082167271,35.576280763026475,33.437204291916736,2.4,0.001,422,673,1128,1527,2021,2267,2613,2993,3446,3814
159,0.785325272958958,0.771705250006312,35.51061337275625,33.366634163346845,2.42,0.001,422,673,1128,1526,2020,2268,2613,2993,3446,3814
160,0.786103109278449,0.7719858568042693,35.44622254038944,33.3461203907919,2.43,0.001,422,673,1127,1526,2020,2268,2612,2993,3446,3814
161,0.7868805314936513,0.7732367172619719,35.38174902492103,33.254528224904014,2.44,0.001,422,672,1127,1526,2020,2269,2611,2993,3446,3814
162,0.7876611035120868,0.7733404017707312,35.316895121948185,33.24692515446447,2.46,0.001,423,672,1127,1526,2020,2269,2610,2993,3446,3814
163,0.7884388009821729,0.7746187968922413,35.25216083802523,33.15303390681707,2.47,0.001,423,672,1126,1526,2020,2269,2610,2993,3446,3814
164,0.7892174554907695,0.7747345944998466,35.18722767157051,33.144514446445356,2.48,0.001,423,672,1126,1526,2020,2270,2609,2993,3446,3814
165,0.7899965340517761,0.7759195113988298,35.12213970226793,33.05722909603605,2.5,0.001,423,672,1125,1526,2021,2270,2608,2993,3446,3814
166,0.7907229482211786,0.7761914346995383,35.061342380065646,33.03716427953241,2.51,0.001,423,671,1125,1525,2021,2271,2607,2992,3446,3814
167,0.7913951962179838,0.7773377211541395,35.00498360166913,32.95245265139133,2.52,0.001,423,671,1124,1525,2021,2271,2607,2992,3446,3814
168,0.7919882079824786,0.7770286788779781,34.95519418607108,32.97531221717715,2.54,0.001,423,671,1124,1525,2021,2272,2606,2992,3446,3814
169,0.7923929325918729,0.7785246618379517,34.92117239226083,32.864504919346494,2.55,0.001,423,671,1124,1525,2021,2272,2605,2992,3446,3814
170,0.7925257195469553,0.776681234925742,34.910000427997886,33.000995043000216,2.57,0.001,423,671,1123,1525,2021,2272,2604,2992,3446,3814
171,0.7922910504457545,0.7787813487600316,34.929739047434566,32.84545406200168,2.58,0.001,423,671,1123,1525,2021,2273,2603,2992,3446,3814
172,0.7919748862307372,0.7750701375037894,34.95631167022542,33.119820128611245,2.59,0.001,423,670,1123,1525,2021,2273,2603,2992,3446,3814
173,0.7921344907852119,0.7788812727921164,34.94290124841167,32.83803693770191,2.61,0.001,423,670,1122,1524,2020,2273,2602,2992,3446,3814
174,0.7935181421733751,0.7767694376751295,34.826409292083035,32.99447678092312,2.62,0.001,423,670,1122,1524,2020,2273,2601,2992,3446,3814
175,0.7956618346376791,0.7819086112794009,34.64515468523791,32.612468782923926,2.63,0.001,423,670,1121,1524,2020,2273,2600,2992,3446,3814
176,0.7972491693621938,0.7822623573714784,34.51032489580564,32.586009612423204,2.65,0.001,423,670,1121,1524,2021,2274,2598,2992,3445,3814
177,0.7974980590867123,0.7819316697694045,34.48913757042299,32.610745059862936,2.66,0.001,423,670,1121,1524,2021,2274,2597,2992,3445,3814
178,0.797061659231629,0.7830418600914731,34.52627933681459,32.52762685455338,2.67,0.001,423,670,1120,1524,2021,2274,2596,2992,3445,3814
179,0.7971525576004764,0.7804700312775374,34.51854616429949,32.71985246172708,2.69,0.001,423,669,1120,1524,2021,2274,2595,2991,3445,3814
180,0.7982419514188781,0.7842043590409805,34.42573138577178,32.44036558573188,2.7,0.001,423,669,1120,1524,2021,2274,2594,2991,3445,3814
181,0.7996593377597483,0.7841404951588702,34.304592312268305,32.445166708978974,2.71,0.001,423,669,1120,1524,2020,2275,2593,2991,3445,3814
182,0.800354845820586,0.7850975782974692,34.24499742492051,32.37315805269371,2.73,0.001,423,669,1119,1524,2020,2275,2592,2991,3445,3814
183,0.8002946277198723,0.7857816850099933,34.25015860193661,32.32159000829109,2.74,0.001,423,669,1119,1523,2020,2275,2590,2991,3445,3814
184,0.8003018009092489,0.783814409747719,34.249545574654164,32.46966357593461,2.75,0.001,423,669,1119,1523,2020,2275,2589,2991,3445,3814
185,0.8009415849280109,0.7865049957313458,34.194636909307505,32.266975607325676,2.77,0.001,423,669,1118,1523,2021,2275,2588,2991,3445,3814
186,0.801955507516212,0.7862554263053286,34.10744239829666,32.285830915893854,2.78,0.001,423,669,1118,1523,2021,2276,2587,2991,3445,3814
187,0.8026267222678429,0.7874942478003905,34.049590802079585,32.19213407175346,2.79,0.001,423,669,1118,1523,2021,2276,2586,2991,3445,3814
188,0.8027766199258147,0.7881489444400631,34.03665877586988,32.142506857280324,2.81,0.001,423,668,1117,1523,2021,2276,2585,2991,3445,3814
189,0.8028474297374327,0.786752454273542,34.030548733017994,32.248272043703174,2.82,0.001,423,668,1117,1523,2021,2277,2584,2991,3444,3814
190,0.8032710188654247,0.7886249302778519,33.993971346264104,32.10637721711704,2.84,0.001,423,668,1117,1523,2021,2277,2583,2991,3444,3814
191,0.8039795406402858,0.7880194663114155,33.93270317446817,32.15232642790507,2.85,0.001,423,668,1117,1523,2021,2277,2582,2991,3444,3813
192,0.8045885263931905,0.7892249418836504,33.87995091818685,32.06077526428322,2.86,0.001,423,668,1116,1523,2020,2277,2581,2991,3444,3813
193,0.8048840317693233,0.7896588284400334,33.85432191470814,32.02776086179477,2.88,0.001,423,668,1116,1523,2020,2277,2580,2991,3444,3813
194,0.8050276489808051,0.7889169201575315,33.84185994260658,32.08419404960174,2.89,0.001,423,668,1116,1523,2020,2277,2580,2991,3444,3813
195,0.8052920906047257,0.7903361613687608,33.818903910664375,31.976151162453284,2.9,0.001,423,668,1115,1522,2020,2277,2579,2991,3444,3813
196,0.8057691127556453,0.7896432834562769,33.77745194305848,32.028942371143984,2.92,0.001,422,668,1115,1522,2020,2278,2578,2991,3444,3813
197,0.8063002727409985,0.7908846920686484,33.731235741496896,31.934294000349862,2.93,0.001,422,668,1115,1522,2020,2278,2577,2991,3444,3813
198,0.8066955510140295,0.7909936095228225,33.69680051925368,31.92597887992483,2.95,0.001,422,668,1115,1522,2021,2278,2577,2991,3444,3813
199,0.8069310369028755,0.7907662013292338,33.676268564868124,31.94334068566023,2.96,0.001,422,668,1114,1522,2021,2278,2576,2991,3444,3813
200,0.8071370698537211,0.7916707407588536,33.6582955506514,31.874219697863293,2.98,0.001,422,668,1114,1522,2021,2278,2575,2991,3444,3813
201,0.8074463407509602,0.7910345568359303,33.63129805678596,31.92285011359418,3.0,0.001,422,667,1114,1522,2021,2278,2575,2990,3444,3813
202,0.8078512781804315,0.7922677401501552,33.5959156278706,31.828516197890455,3.01,0.001,422,667,1114,1522,2020,2278,2574,2990,3444,3813
203,0.8082605629079029,0.7921244752779452,33.56011579345805,31.839488874003813,3.03,0.001,422,667,1113,1522,2020,2278,2573,2990,3444,3813
204,0.8085898262162707,0.7924976581637617,33.53128822516461,31.810897936698716,3.04,0.001,422,667,1113,1522,2020,2279,2573,2990,3444,3813
205,0.8088399361954433,0.7929154761449351,33.50937441714072,31.778855075078027,3.06,0.001,422,667,1113,1522,2020,2279,2572,2990,3444,3813
206,0.8090707983996501,0.7924941269560377,33.48913397994284,31.81116751107964,3.07,0.001,422,667,1113,1522,2020,2279,2571,2990,3444,3813
207,0.8093326258245973,0.7933977334776975,33.46616214610009,31.741828888264692,3.09,0.001,422,667,1112,1522,2021,2279,2571,2990,3444,3813
208,0.8096457495424211,0.7930156695951225,33.438671854465525,31.77116493594024,3.1,0.001,422,667,1112,1522,2021,2279,2570,2990,3444,3813
209,0.809979415597189,0.7939197034479639,33.4093522004412,31.701708014168968,3.12,0.001,422,667,1112,1522,2021,2279,2569,2990,3444,3813
210,0.8102983708188178,0.7938820966777913,33.381303170595174,31.704599676151094,3.13,0.001,422,667,1112,1522,2021,2279,2569,2990,3444,3813
211,0.8105798913156398,0.7941471090036496,33.35652249221189,31.68421091318839,3.15,0.001,422,667,1112,1522,2021,2280,2568,2990,3444,3813
212,0.8108267784462324,0.7944466137277796,33.33477759729225,31.661152677487713,3.16,0.001,422,667,1111,1522,2021,2280,2567,2990,3444,3813
213,0.8110568637732478,0.7941921180169793,33.31450070211544,31.680747130860585,3.18,0.001,422,667,1111,1522,2020,2280,2566,2990,3444,3813
214,0.8112901595005303,0.7948900387131873,33.29392547647112,31.62698490713913,3.19,0.001,422,667,1111,1522,2020,2280,2566,2990,3444,3813
215,0.8115410651509112,0.7945893112182117,33.2717837916708,31.650161564370904,3.21,0.001,422,667,1111,1522,2020,2280,2565,2990,3444,3813
216,0.8118042633084231,0.7953806134452986,33.2485443026035,31.589140211421945,3.22,0.001,422,667,1111,1522,2020,2281,2564,2990,3444,3813
217,0.8120741131940098,0.7951719314953712,33.2246970364526,31.605244493472718,3.24,0.001,422,667,1110,1522,2020,2281,2564,2990,3444,3813
218,0.8123384527761195,0.795731412493503,33.20132164220368,31.562049424382877,3.26,0.001,421,667,1110,1522,2021,2281,2563,2990,3444,3813
219,0.8125943755749987,0.795702014212425,33.17867666078527,31.564321574910732,3.27,0.001,421,667,1110,1522,2021,2281,2562,2990,3444,3813
220,0.8128371108808647,0.7959753658999211,33.15718144898063,31.543197802960922,3.29,0.001,421,667,1110,1522,2021,2281,2561,2990,3444,3813
221,0.8130682973236096,0.796217695245625,33.13669641672299,31.524459788256582,3.3,0.001,421,667,1110,1522,2021,2281,2561,2990,3444,3813
222,0.813289829069799,0.7963088176355061,33.117057567862595,31.517410553037983,3.32,0.001,421,667,1109,1522,2020,2281,2560,2990,3444,3813
223,0.813502879917258,0.7967934460729615,33.098155764922346,31.4798955792994,3.33,0.001,421,667,1109,1522,2020,2282,2559,2990,3444,3813
224,0.8137085766863883,0.7966328299353299,33.07989817224257,31.492333826564046,3.35,0.001,421,667,1109,1522,2020,2282,2558,2990,3444,3813
225,0.8139080068342925,0.7971787428484339,33.06218616935176,31.450037494388422,3.36,0.001,421,667,1109,1522,2020,2282,2557,2989,3444,3812
226,0.8141002244575544,0.796779547972046,33.0451074438647,31.480972598415498,3.38,0.001,421,667,1109,1522,2020,2282,2557,2989,3444,3812
227,0.8142796633738277,0.7975318062363538,33.02915637582101,31.42265196702253,3.39,0.001,421,667,1108,1522,2020,2282,2556,2989,3444,3812
228,0.8144477708065712,0.7970102951489221,33.01420148966199,31.46309376922826,3.41,0.001,421,667,1108,1522,2020,2282,2555,2989,3444,3812
229,0.8145914827035469,0.7980178589110695,33.00141672503432,31.38491190544431,3.42,0.001,421,667,1108,1522,2021,2282,2554,2989,3444,3812
230,0.8147095944179613,0.7971471503974534,32.990902658204504,31.452486565179747,3.44,0.001,421,667,1108,1522,2021,2283,2553,2989,3444,3812
231,0.8147849357227824,0.7983199181553818,32.984195508156816,31.36143510454211,3.45,0.001,421,667,1108,1522,2021,2283,2553,2989,3444,3812
232,0.8148115897040962,0.7968740681697236,32.98182131279859,31.473647947715225,3.47,0.001,421,667,1108,1522,2021,2283,2552,2989,3444,3812
233,0.8147681210532068,0.7983679921153515,32.985694327593556,31.35769626018617,3.48,0.001,421,667,1107,1522,2021,2283,2551,2989,3444,3812
234,0.8146713359908079,0.7963048641399721,32.99430844325181,31.517716527028494,3.5,0.001,421,667,1107,1522,2020,2283,2550,2989,3444,3812
235,0.8145556434578058,0.7983248517434289,33.00460505866,31.361051703743033,3.51,0.001,421,667,1107,1522,2020,2284,2549,2989,3444,3812
236,0.8145329624531696,0.7959085427612853,33.00662257470556,31.548362783763242,3.53,0.001,421,667,1107,1522,2020,2284,2548,2989,3444,3812
237,0.814714359055948,0.7985376388901104,32.99047899169641,31.344503589520084,3.54,0.001,421,667,1107,1522,2020,2284,2548,2989,3444,3812
238,0.8151935933397778,0.796693616652098,32.947786581574796,31.48762680942855,3.56,0.001,421,667,1107,1522,2020,2284,2547,2989,3444,3812
239,0.8158828891257216,0.799406401228779,32.88628422959468,31.276845890645486,3.57,0.001,421,667,1106,1522,2021,2284,2546,2989,3444,3812
240,0.8165734052181814,0.7987922760404611,32.82455879606381,31.324686142307357,3.59,0.001,420,667,1106,1522,2021,2285,2545,2989,3444,3812
241,0.8170200075110099,0.7999569125749398,32.784575170964544,31.23389819546025,3.61,0.001,420,667,1106,1522,2021,2285,2544,2989,3444,3812
242,0.8171525789504945,0.8001950939349233,32.772695350655475,31.21529811527965,3.62,0.001,420,667,1106,1522,2021,2285,2543,2989,3444,3812
243,0.8170703852927839,0.7993258331320152,32.78006022924321,31.28312599738026,3.64,0.001,420,667,1106,1522,2020,2285,2542,2989,3444,3812
244,0.8169502856186956,0.8004148788914662,32.79081872977175,31.198125890540783,3.65,0.001,420,667,1106,1522,2020,2286,2542,2989,3444,3812
245,0.8169380475123479,0.7987773372244914,32.79191504598066,31.325849356252498,3.67,0.001,420,667,1106,1522,2020,2286,2541,2989,3444,3812
246,0.8171097202342464,0.8005934460220356,32.776533487556875,31.184166005725665,3.68,0.001,420,667,1105,1522,2020,2286,2540,2989,3444,3812
247,0.8174543016512553,0.7994018226645154,32.74564431614818,31.277202027982277,3.7,0.001,420,667,1105,1522,2020,2286,2539,2989,3444,3812
248,0.8178661276733037,0.8011208868202769,32.70868435487069,31.142897519626665,3.71,0.001,420,667,1105,1522,2020,2287,2539,2989,3444,3812
249,0.8182402909153665,0.8006939440207688,32.67507120604808,31.176307642232505,3.73,0.001,420,667,1105,1522,2020,2287,2538,2989,3444,3812
250,0.8184907138880971,0.8012776124949905,32.65255474009174,31.130621590098993,3.74,0.001,420,667,1105,1522,2020,2287,2537,2989,3444,3812
251,0.8186099825673461,0.8014782621118959,32.641825462606256,31.114902313780348,3.76,0.001,420,667,1105,1522,2020,2287,2536,2989,3444,3812
252,0.8186456451815616,0.8009046661448577,32.63861478072695,31.15982203539269,3.77,0.001,420,667,1105,1522,2020,2287,2536,2989,3444,3812
253,0.8186586050939201,0.8017612169596586,32.63744973186478,31.092722384087022,3.79,0.001,420,667,1104,1522,2020,2287,2535,2989,3444,3812
254,0.8187046452882608,0.8007036688584298,32.63330720686784,31.175546071425316,3.8,0.001,420,667,1104,1522,2020,2288,2534,2989,3444,3812
255,0.8188127861019444,0.8020280323206846,32.62357254120956,31.07178970903762,3.82,0.001,420,667,1104,1522,2021,2288,2533,2989,3444,3812
256,0.8189994565627516,0.8010180919986178,32.60676199401552,31.15094359118346,3.83,0.001,420,667,1104,1522,2020,2288,2533,2989,3444,3812
257,0.8192349486675805,0.8023595963866159,32.58554322016322,31.04575932979062,3.85,0.001,420,667,1104,1522,2020,2288,2532,2989,3444,3812
258,0.8194860017878917,0.8016948987275494,32.562906742301315,31.09792096710908,3.86,0.001,420,667,1104,1522,2020,2288,2532,2989,3444,3812
259,0.8197221596233766,0.8026430195404385,32.541599353390154,31.023490619445834,3.88,0.001,420,667,1103,1522,2020,2289,2531,2989,3444,3812
260,0.8199279773574737,0.8024220094513062,32.52301994237121,31.040855803342573,3.9,0.001,419,667,1103,1522,2020,2289,2530,2989,3444,3812
261,0.8200919668843826,0.8027933793031545,32.508207722603494,31.011671268778993,3.91,0.001,419,667,1103,1522,2020,2289,2530,2989,3444,3812
262,0.8202238376736055,0.8029631755326887,32.49629072883261,30.998315580812715,3.92,0.001,419,667,1103,1522,2020,2289,2529,2989,3444,3812
263,0.8203318581685107,0.8027984658357136,32.486528157357014,31.011270750716083,3.94,0.001,419,667,1103,1522,2020,2289,2529,2989,3444,3812
264,0.8204187270029054,0.8032887676568617,32.47867201321796,30.97269443062661,3.95,0.001,419,667,1103,1522,2021,2290,2528,2989,3444,3812
265,0.8204903423516284,0.8027129982892897,32.472193633553616,31.017991290401223,3.96,0.001,419,667,1102,1522,2021,2290,2528,2989,3444,3812
266,0.82054845945568,0.8035021103248093,32.46693593043448,30.955894350180408,3.98,0.001,419,667,1102,1522,2021,2290,2527,2989,3444,3812
267,0.8205911776324054,0.8026102967869124,32.46307435054577,31.02606286895644,3.99,0.001,419,667,1102,1522,2020,2290,2527,2989,3444,3812
268,0.8205923024453977,0.8037442207932699,32.462970942627464,30.936817385146053,4.01,0.001,419,667,1102,1522,2020,2290,2526,2989,3444,3812
269,0.8205499554503977,0.8024088618872692,32.46680433595309,31.04189005180389,4.02,0.001,419,667,1102,1522,2020,2290,2526,2989,3444,3812
270,0.8204389870134168,0.8038251215482894,32.47683970443399,30.930441311223337,4.03,0.001,419,667,1101,1522,2020,2290,2525,2989,3444,3812
271,0.8202649586283447,0.8017769500242671,32.492573520488875,31.091487629692853,4.05,0.001,419,667,1101,1522,2020,2290,2525,2989,3444,3812
272,0.8200274761900921,0.8035414282369455,32.514033178238975,30.952797669899727,4.06,0.001,419,667,1101,1522,2020,2291,2524,2989,3444,3812
273,0.8198179452548024,0.8009142315594017,32.53295542179595,31.159072794016392,4.07,0.001,419,667,1101,1522,2020,2291,2524,2989,3444,3812
274,0.8197598207691306,0.8033862432528903,32.538200581321526,30.96501991757948,4.09,0.001,419,667,1101,1522,2020,2291,2523,2989,3444,3812
275,0.8200312424413527,0.8012194550173263,32.51369152708978,31.135178705563,4.1,0.001,419,667,1101,1522,2020,2291,2523,2989,3444,3812
276,0.8206478451654322,0.8042734060231342,32.45794492072107,30.895080214255998,4.11,0.001,418,667,1100,1522,2020,2291,2523,2989,3444,3812
277,0.8214553069166189,0.8034027706999433,32.38479807694306,30.96371797854204,4.13,0.001,418,667,1100,1522,2020,2291,2522,2989,3444,3812
278,0.8221116836769387,0.8052196074844186,32.32521547745757,30.8203125,4.14,0.001,418,667,1100,1522,2021,2291,2522,2989,3444,3812
279,0.8223961753202257,0.8051389828452898,32.29935812297591,30.826690563117843,4.15,0.001,418,667,1100,1522,2021,2291,2521,2989,3444,3812
280,0.8223224309078896,0.8045462294479135,32.30606197952638,30.873541052321404,4.17,0.001,418,667,1100,1522,2021,2291,2521,2989,3444,3812
281,0.8220828504800901,0.8053478590681988,32.32783613633632,30.81016349058223,4.18,0.001,418,667,1100,1522,2021,2291,2521,2989,3444,3812
282,0.8219177788891168,0.8036854084823286,32.34282909316994,30.94145334589586,4.19,0.001,418,668,1100,1522,2020,2291,2520,2989,3444,3812
283,0.8219662154829027,0.8055018959307813,32.33843177895111,30.797970950184972,4.21,0.001,418,668,1099,1522,2020,2291,2520,2989,3444,3812
284,0.8222741277715301,0.8042208905058423,32.31045425402686,30.89922367836741,4.22,0.001,418,668,1099,1522,2020,2291,2519,2989,3444,3812
285,0.8227300175926239,0.8060779066133137,32.26898628072995,30.752333141606407,4.23,0.001,418,668,1099,1522,2020,2291,2519,2989,3444,3812
286,0.8231601862452675,0.8055963634772969,32.22981138926351,30.790490760769995,4.25,0.001,418,668,1099,1522,2020,2291,2519,2989,3444,3812
287,0.8234210591846975,0.8062052392545966,32.20603039113463,30.742235149264218,4.26,0.001,418,668,1099,1522,2020,2291,2518,2989,3444,3812
288,0.8234930442697859,0.8065231293782963,32.19946493332129,30.717010417745836,4.27,0.001,418,668,1099,1522,2020,2290,2518,2989,3444,3812
289,0.8234700474132626,0.805874078171181,32.20156322025571,30.76849057407645,4.29,0.001,418,668,1098,1522,2020,2290,2518,2989,3444,3812
290,0.8234957551213125,0.8069310870541204,32.199216617508725,30.68460896036939,4.3,0.001,418,668,1098,1522,2020,2290,2518,2989,3443,3812
291,0.8236460846914848,0.8059545446382045,32.18550130323629,30.762112348672414,4.31,0.001,418,668,1098,1523,2020,2290,2517,2989,3443,3812
292,0.8239428453477702,0.8071959568943197,32.15840994325007,30.663553936865547,4.33,0.001,418,668,1098,1522,2020,2290,2517,2989,3443,3812
293,0.824253192165216,0.8067097049469932,32.130053408471795,30.70219663036649,4.34,0.001,417,668,1098,1523,2020,2290,2517,2989,3443,3812
294,0.8244877564146316,0.8072684119185531,32.10860514588048,30.657791954404207,4.35,0.001,417,668,1098,1523,2020,2290,2516,2989,3443,3812
295,0.8246060935935364,0.8074818664851104,32.09777961253219,30.640810252499648,4.37,0.001,417,668,1097,1523,2021,2290,2516,2989,3443,3812
296,0.8246536357989245,0.8071278884630961,32.09342669627809,30.668967561511792,4.38,0.001,417,669,1097,1523,2021,2290,2516,2989,3443,3812
297,0.824706759782351,0.8078847829845708,32.088567239142,30.608728936520297,4.4,0.001,417,669,1097,1523,2021,2290,2516,2989,3443,3812
298,0.8248068019636277,0.8072229708573154,32.07940929905915,30.66140613494226,4.41,0.001,417,669,1097,1523,2021,2290,2516,2989,3443,3812
299,0.8249548843718946,0.8081958655553346,32.065848311399584,30.583937913564714,4.42,0.001,417,669,1097,1523,2020,2290,2515,2989,3443,3812
300,0.8251261187191117,0.8077717962295228,32.050162099824085,30.61772872863041,4.44,0.001,417,669,1097,1523,2020,2290,2515,2989,3443,3812
301,0.825283516339458,0.8084010946876133,32.035735204270324,30.56757111398604,4.45,0.001,417,669,1097,1523,2020,2290,2515,2989,3444,3812
302,0.8254064148635871,0.8083239895902801,32.02446383906665,30.57372141899396,4.46,0.001,417,669,1096,1523,2020,2290,2515,2989,3444,3812
303,0.8254946418567525,0.8083452506138171,32.01637230704198,30.572026490092828,4.48,0.001,417,669,1096,1523,2020,2290,2514,2990,3444,3812
304,0.8255575121133637,0.8086514100904659,32.010605008462626,30.547597298046107,4.49,0.001,417,669,1096,1523,2020,2291,2514,2990,3444,3812
305,0.8256116143979759,0.8082496368056276,32.00564143997703,30.579649936426268,4.5,0.001,417,669,1096,1523,2020,2291,2514,2990,3444,3812
306,0.8256682991245126,0.8089036199376525,32.00043677985603,30.527457463399855,4.52,0.001,417,669,1096,1523,2020,2291,2514,2990,3444,3812
307,0.8257353232027916,0.8082595694388557,31.994285073177522,30.578857537853054,4.53,0.001,417,669,1096,1523,2020,2291,2514,2990,3444,3812
308,0.8258123360454619,0.8091273525734628,31.9872163033287,30.509583015205546,4.54,0.001,417,669,1096,1522,2020,2291,2513,2990,3444,3812
309,0.8258985823498037,0.8083531140876925,31.979294754086588,30.571398603885566,4.56,0.001,417,670,1095,1522,2020,2291,2513,2990,3444,3812
310,0.8259896806659954,0.809340022056553,31.970927383388588,30.49258182553125,4.57,0.001,417,670,1095,1522,2020,2291,2513,2990,3444,3812
311,0.8260845458269915,0.8085103291027913,31.962211231035685,30.558856146211426,4.58,0.001,416,670,1095,1522,2020,2291,2513,2990,3444,3812
312,0.8261760877894535,0.8095335216192124,31.95379736456412,30.477104223267958,4.6,0.001,416,670,1095,1522,2020,2290,2513,2990,3444,3812
313,0.8262614075127934,0.8086049981490636,31.94595445980064,30.5513004307151,4.61,0.001,416,670,1095,1522,2020,2291,2513,2990,3444,3812
314,0.8263288689659076,0.809652239654342,31.93975308527662,30.467603143480023,4.62,0.001,416,670,1095,1522,2021,2291,2512,2990,3444,3812
315,0.826382297521552,0.8085884125994269,31.934840619770693,30.55262493837477,4.64,0.001,416,670,1095,1522,2021,2291,2512,2990,3444,3812
316,0.8264125320427095,0.8097261285595747,31.93205964396078,30.461689887155803,4.65,0.001,416,670,1095,1522,2021,2291,2512,2990,3444,3812
317,0.8264189054261786,0.8084641466315475,31.931471880957428,30.5625419382381,4.67,0.001,416,670,1094,1522,2020,2291,2512,2990,3444,3812
318,0.826389257066975,0.8097697186727864,31.93419939219257,30.458200296997706,4.68,0.001,416,670,1094,1522,2020,2290,2512,2990,3444,3812
319,0.8263150269032788,0.8081299884239472,31.941025750225407,30.58918904332256,4.69,0.001,416,671,1094,1522,2020,2291,2511,2990,3443,3812
320,0.8262026660946402,0.8096631995875814,31.951355200070836,30.46672669564085,4.71,0.001,416,671,1094,1522,2021,2290,2511,2990,3443,3812
321,0.82606358842243,0.8075959568460167,31.96413700833326,30.63172857365637,4.72,0.001,416,671,1094,1522,2021,2291,2511,2990,3443,3812
322,0.8259528629812275,0.809476798393633,31.974310099635556,30.481641904006132,4.73,0.001,416,671,1094,1522,2021,2291,2511,2990,3443,3811
323,0.8259081079353001,0.8072114124803783,31.97842061086859,30.66232379624769,4.75,0.001,416,671,1093,1522,2020,2291,2511,2990,3443,3811
324,0.8260490898141445,0.8095118330060121,31.965470758316407,30.47883947531006,4.76,0.001,416,671,1093,1522,2021,2291,2511,2990,3443,3811
325,0.826379824902966,0.8078192275863939,31.935066145336716,30.613951889505685,4.77,0.001,416,671,1093,1522,2021,2291,2510,2989,3443,3811
326,0.8268660084042907,0.8101408889550946,31.890322603906817,30.42847197508086,4.79,0.001,416,671,1093,1522,2021,2291,2510,2989,3443,3811
327,0.82735984978019,0.8093144998211357,31.8448080049951,30.49462242872196,4.8,0.001,416,671,1093,1522,2020,2291,2510,2989,3443,3811
328,0.8277293058088103,0.8105365371448744,31.810716620260713,30.396749864808736,4.81,0.001,415,671,1093,1522,2020,2291,2510,2989,3443,3811
329,0.8279045851401674,0.8104047696257395,31.794528284102498,30.40731787693137,4.83,0.001,415,672,1092,1522,2020,2291,2510,2989,3443,3811
330,0.8279037607668014,0.810138503948421,31.794603151333423,30.428663533798606,4.84,0.001,415,672,1092,1522,2020,2291,2509,2989,3443,3811
331,0.8277917191358855,0.8106931073217055,31.80495136988304,30.3841875412041,4.85,0.001,415,672,1092,1522,2021,2290,2509,2989,3443,3811
332,0.8276490145179242,0.8094740645549358,31.818127687086157,30.481860160235055,4.87,0.001,415,672,1092,1522,2021,2291,2509,2989,3443,3811
333,0.8275296918433009,0.8107004387037702,31.82913941989223,30.383599967295783,4.88,0.001,415,672,1092,1522,2021,2291,2509,2989,3443,3811
334,0.827488680111926,0.8091840083023975,31.83292547101144,30.505055493221633,4.9,0.001,415,672,1092,1522,2020,2291,2508,2989,3444,3811
335,0.827546820135916,0.8108323080373149,31.827558329822935,30.373014659912343,4.91,0.001,415,672,1091,1522,2020,2291,2508,2989,3444,3811
336,0.8277182362828319,0.8095469151610291,31.811737351185037,30.47603278346363,4.92,0.001,415,672,1091,1522,2020,2291,2508,2989,3444,3811
337,0.827968725133283,0.8111735430054915,31.78860169548051,30.345608529592052,4.94,0.001,415,672,1091,1522,2020,2291,2508,2989,3444,3811
338,0.8282426911876253,0.8103938345338073,31.763279818435294,30.40819603709613,4.95,0.001,415,673,1091,1522,2020,2291,2508,2989,3444,3811
339,0.8284786338434059,0.811415287840791,31.741455850846698,30.326175837351613,4.97,0.001,415,673,1091,1522,2020,2291,2508,2989,3444,3811
340,0.8286424714339974,0.811145304353562,31.726294130544343,30.34787722961443,4.99,0.001,415,673,1091,1522,2020,2291,2508,2989,3444,3811
341,0.8287268882131935,0.8113085091549128,31.718476753749147,30.334761477655466,5.0,0.001,415,673,1090,1522,2020,2291,2508,2989,3444,3811
342,0.8287492515273562,0.8115462271381926,31.71640712560348,30.315645978822243,5.02,0.001,415,673,1090,1522,2020,2291,2507,2989,3444,3811
343,0.8287342921708487,0.8110269895049173,31.717790741344498,30.35738160111608,5.03,0.001,415,673,1090,1522,2020,2291,2507,2989,3444,3811
344,0.8286991901197571,0.8117135928380179,31.721040750100418,30.302182925311875,5.05,0.001,415,673,1090,1522,2020,2291,2507,2989,3444,3811
345,0.8286614489249011,0.8107553980032658,31.724535725400106,30.37918828024222,5.06,0.001,415,673,1090,1522,2020,2291,2507,2989,3444,3811
346,0.828629234200768,0.8118042623566044,31.727519569718574,30.294885547432447,5.08,0.001,415,674,1090,1522,2020,2291,2507,2989,3444,3811
347,0.8286154318850699,0.8106241565327236,31.72879497655186,30.38972022271419,5.09,0.001,414,674,1090,1522,2020,2291,2507,2989,3444,3811
348,0.8286203173729525,0.8119258632468375,31.728342915138587,30.285095537553616,5.11,0.001,414,674,1090,1522,2020,2291,2506,2989,3444,3811
349,0.828662129988179,0.810677587870944,31.724471274344648,30.385432959443122,5.12,0.001,414,674,1090,1522,2020,2291,2506,2989,3444,3811
350,0.8287353464266054,0.8120627137507128,31.71769452523455,30.274076606157102,5.14,0.001,414,674,1089,1522,2020,2291,2506,2989,3444,3811
351,0.8288485704990165,0.8108853179661626,31.707208106335024,30.3687581999886,5.15,0.001,414,674,1089,1522,2020,2291,2506,2989,3444,3811
352,0.8289787834745372,0.8122068050978876,31.695143039354726,30.262467770596736,5.17,0.001,414,674,1089,1522,2021,2291,2506,2989,3444,3811
353,0.8291297741117493,0.811250936401825,31.681150744567343,30.339387841382756,5.18,0.001,414,674,1089,1522,2021,2291,2506,2989,3444,3811
354,0.8292793602412993,0.8123596686406016,31.667278511427416,30.25014930877408,5.2,0.001,414,675,1089,1522,2021,2291,2505,2989,3444,3811
355,0.8294252364909885,0.8116988396937765,31.653746314800067,30.30337028266462,5.21,0.001,414,675,1089,1522,2020,2291,2505,2989,3444,3811
356,0.8295544597292397,0.8124849573440723,31.64175345209929,30.240047110061685,5.23,0.001,414,675,1089,1522,2020,2291,2505,2989,3444,3811
357,0.8296644090078489,0.8120903532292437,31.631547694830118,30.271849756751113,5.24,0.001,414,675,1089,1522,2020,2291,2505,2989,3444,3811
358,0.8297569755463521,0.8125448898974016,31.622952240397126,30.235214781618883,5.26,0.001,414,675,1088,1522,2020,2291,2505,2989,3444,3811
359,0.8298355816330315,0.8124157893133649,31.615648900047802,30.245624320343328,5.27,0.001,414,675,1088,1522,2020,2290,2504,2989,3444,3811
360,0.8299022835911016,0.8126194262649735,31.609453202140042,30.22920256143056,5.29,0.001,414,675,1088,1522,2020,2290,2504,2989,3444,3811
361,0.8299617175884714,0.8126696702736365,31.6039293381278,30.22514999768922,5.3,0.001,414,675,1088,1522,2020,2290,2504,2989,3444,3810
362,0.8300161070576026,0.8126224880790107,31.598874847082175,30.228956232755955,5.32,0.001,414,676,1088,1522,2020,2291,2504,2989,3444,3810
363,0.8300652392378579,0.8128030473432499,31.5943083067633,30.214388985346247,5.33,0.001,414,676,1088,1522,2020,2291,2504,2989,3444,3810
364,0.8301078897829457,0.8125823234515963,31.590342955821267,30.232195698266462,5.35,0.001,414,676,1088,1522,2020,2291,2503,2989,3444,3810
365,0.8301405304684357,0.8129698224765767,31.587307508008163,30.200927275512274,5.36,0.001,414,676,1087,1522,2020,2291,2503,2989,3444,3810
366,0.8301590765516811,0.8125451794139036,31.585582911378452,30.2351915668155,5.38,0.001,414,676,1087,1522,2020,2291,2503,2989,3444,3810
367,0.8301509169926908,0.8131336218311923,31.586341359030786,30.187698142465667,5.4,0.001,413,676,1087,1522,2020,2291,2503,2989,3444,3810
368,0.830099226947029,0.8122732951388246,31.591146692014938,30.257110516643955,5.41,0.001,413,676,1087,1522,2020,2291,2503,2989,3444,3810
369,0.8299616412717736,0.8131145031218852,31.603937063135426,30.189242800364752,5.43,0.001,413,677,1087,1522,2020,2290,2502,2989,3444,3810
370,0.8296773653326882,0.8114396142135225,31.630342657963038,30.324221517534976,5.44,0.001,413,677,1087,1522,2020,2290,2502,2989,3444,3810
371,0.8291326721807593,0.8125847133503483,31.6808800638665,30.23200289467169,5.46,0.001,413,677,1087,1522,2020,2290,2502,2989,3444,3810
372,0.8282154107200773,0.8091793482099147,31.76580369170104,30.505426643262997,5.47,0.001,413,677,1087,1522,2020,2290,2502,2989,3444,3810
373,0.8269166957055689,0.8106588975107308,31.88565328253298,30.386933419748857,5.49,0.001,413,677,1086,1522,2020,2290,2502,2989,3444,3810
374,0.8256159802717492,0.805557468365827,32.0052390578236,30.793570067784138,5.5,0.001,413,677,1086,1522,2020,2291,2502,2989,3443,3810
375,0.8252072850725015,0.809064760881555,32.04272279292718,30.51458391561269,5.52,0.001,413,677,1086,1522,2020,2290,2501,2989,3443,3810
376,0.8265861484202205,0.8069029098410349,31.91608584467292,30.68684861993255,5.53,0.001,413,678,1086,1522,2020,2291,2501,2989,3443,3810
377,0.8291120691971767,0.8128037167465803,31.682791154996014,30.214333433392483,5.55,0.001,413,678,1086,1522,2020,2291,2501,2989,3443,3810
378,0.8307915602367789,0.8132998308365331,31.52671528807701,30.174270036997168,5.56,0.001,413,678,1086,1522,2020,2291,2501,2989,3443,3810
379,0.8304076309350585,0.8123133092433557,31.56246325802317,30.253884814792276,5.58,0.001,413,678,1086,1522,2020,2291,2500,2989,3443,3810
380,0.8289344622976635,0.8123764924976751,31.69925027917409,30.24879440553427,5.59,0.001,413,678,1085,1522,2020,2291,2500,2989,3443,3810
381,0.8282753548907911,0.8089241927037273,31.76025897710799,30.525814950922584,5.61,0.001,413,678,1085,1522,2020,2291,2500,2989,3443,3810
382,0.8291677435189233,0.8127831493822752,31.677629788289185,30.215994897673816,5.62,0.001,413,678,1085,1522,2020,2291,2500,2989,3443,3810
383,0.8306701722752221,0.8127973139030655,31.5380232674956,30.21485056763013,5.64,0.001,413,679,1085,1522,2020,2291,2499,2989,3443,3810
384,0.8311276326655179,0.8136277588167136,31.49539296201956,30.14775928882143,5.65,0.001,413,679,1085,1522,2020,2290,2499,2989,3443,3810
385,0.83037742688303,0.8135412637627077,31.565273895743108,30.154753241676612,5.67,0.001,413,679,1085,1522,2020,2290,2499,2989,3443,3810
386,0.829695338844137,0.8107530636754896,31.62867444068752,30.379375126975024,5.68,0.001,413,679,1085,1522,2020,2291,2498,2989,3443,3810
387,0.8300153200098057,0.8133931793024652,31.598949212095548,30.166726240517256,5.7,0.001,413,679,1085,1522,2020,2290,2498,2989,3443,3810
388,0.8309590310730021,0.8131718915669099,31.51111225127574,30.184607578498827,5.72,0.001,413,679,1085,1522,2020,2291,2498,2989,3443,3810
389,0.8314032376000605,0.8143173441367445,31.469679999601897,30.0919337214752,5.73,0.001,412,679,1084,1522,2020,2291,2497,2989,3443,3810
390,0.8310398800347426,0.8144130208270964,31.503574713460097,30.084179585425378,5.75,0.001,412,680,1084,1522,2020,2291,2497,2989,3443,3810
391,0.8305860031975215,0.812311346628837,31.54586020996604,30.254043182792113,5.76,0.001,412,680,1084,1522,2020,2291,2497,2989,3443,3810
392,0.830713260244236,0.814001102321086,31.534010192617828,30.117547217371886,5.78,0.001,412,680,1084,1522,2020,2291,2496,2989,3443,3810
393,0.8312843854098098,0.8133897825886713,31.480772901884094,30.16700039111705,5.79,0.001,412,680,1084,1522,2020,2291,2496,2989,3443,3810
394,0.8316440379038262,0.8144261346952861,31.44720005980759,30.083116468949406,5.81,0.001,412,680,1084,1522,2020,2291,2496,2989,3443,3810
395,0.8315208268324963,0.8146243019474453,31.45870541653574,30.06705051805828,5.82,0.001,412,680,1084,1522,2020,2291,2496,2989,3443,3810
396,0.8312339337421979,0.8132478597619867,31.485479005147656,30.178469995503935,5.84,0.001,412,680,1084,1522,2020,2291,2495,2989,3443,3810
397,0.8311993170983039,0.8143960967678902,31.488708409908128,30.085551031340195,5.85,0.001,412,681,1084,1522,2020,2290,2495,2989,3443,3810
398,0.8315007839366455,0.813522538651303,31.460577622414014,30.156268215668074,5.87,0.001,412,681,1084,1522,2020,2291,2495,2989,3443,3810
399,0.8318214955573865,0.814603181869571,31.430622539223194,30.068763762403314,5.88,0.001,412,681,1084,1522,2020,2291,2494,2989,3443,3810
400,0.8318965599915412,0.8146521049293228,31.423606638946122,30.064796153864698,5.9,0.001,412,681,1084,1522,2020,2291,2494,2989,3443,3810
401,0.8317639525298754,0.8140094539830506,31.4359982323336,30.11687236378576,5.91,0.001,412,681,1084,1522,2020,2291,2494,2988,3443,3810
402,0.8316633133900997,0.8148248302209156,31.445400815093375,30.050782011650192,5.93,0.001,412,681,1084,1522,2020,2291,2493,2989,3443,3810
403,0.8317613236250372,0.8139455445616004,31.4362448106158,30.12204484176363,5.94,0.001,412,681,1084,1522,2020,2291,2493,2988,3443,3809
404,0.8319749934759822,0.8149446374425063,31.41627541322879,30.041060767410496,5.95,0.001,412,682,1083,1522,2020,2290,2493,2988,3443,3809
405,0.8321317416569922,0.8147174322290589,31.40161754548094,30.059496057363575,5.97,0.001,412,682,1083,1522,2020,2290,2492,2988,3443,3809
406,0.8321442456601302,0.814604953524165,31.400449363263,30.068619642528176,5.98,0.001,412,682,1083,1522,2020,2290,2492,2988,3443,3809
407,0.8320783107559385,0.8150457117232367,31.406614386878662,30.032855543710376,5.99,0.001,412,682,1083,1522,2020,2290,2491,2988,3443,3809
408,0.8320594975681003,0.8143022696965951,31.408374073072654,30.093155741147147,6.01,0.001,412,682,1083,1522,2020,2290,2491,2988,3443,3809
409,0.8321365012293702,0.8151726858114293,31.401173408110882,30.022544019687313,6.02,0.001,412,682,1083,1522,2020,2290,2491,2988,3443,3809
410,0.8322740765803307,0.8146857044158918,31.388302357762896,30.06207059367179,6.03,0.001,412,683,1083,1522,2020,2291,2490,2988,3443,3809
411,0.8323842903798,0.8151078770822509,31.377987905536582,30.027808969743987,6.05,0.001,412,683,1083,1522,2020,2291,2490,2988,3443,3809
412,0.8324275045630445,0.8151280187004534,31.37394366062884,30.02617164885858,6.06,0.001,412,683,1083,1522,2020,2291,2490,2988,3443,3809
413,0.8324215098231927,0.8148259310918649,31.37450490614105,30.050694675635725,6.07,0.001,412,683,1083,1522,2020,2291,2489,2988,3443,3809
414,0.8324130178932656,0.8153391832982946,31.37529958148806,30.00901862324839,6.09,0.001,412,683,1083,1522,2021,2290,2489,2988,3444,3809
415,0.832445458493926,0.8147982048589448,31.372261809362044,30.052942989401533,6.1,0.001,412,683,1083,1522,2020,2290,2488,2988,3444,3809
416,0.8325159409350802,0.8154383768554001,31.3656629065976,30.0009582366495,6.12,0.001,412,684,1083,1522,2020,2290,2488,2988,3444,3809
417,0.8326036797116539,0.8150604393162757,31.3574471178075,30.031659523417428,6.13,0.001,412,684,1083,1522,2020,2291,2488,2988,3444,3809
418,0.8326784310052093,0.815383680040682,31.350443071218606,30.005404176333908,6.14,0.001,412,684,1083,1522,2020,2291,2487,2988,3444,3809
419,0.8327279490056394,0.8153755256244992,31.34580431640234,30.006065264154824,6.16,0.001,412,684,1083,1522,2020,2291,2487,2988,3444,3809
420,0.8327547236800831,0.8152727804153831,31.34329627974198,30.014414058407525,6.17,0.001,412,684,1083,1522,2020,2291,2486,2988,3444,3809
421,0.8327711376689735,0.815596409238638,31.341756892325872,29.988112065189682,6.18,0.001,412,684,1083,1522,2020,2291,2486,2988,3444,3809
422,0.8327933362605858,0.8152001496286249,31.339676992654315,30.02031477710396,6.2,0.001,412,685,1083,1522,2020,2291,2485,2988,3444,3809
423,0.832826405861894,0.8156788834268013,31.336579283193547,29.98140394510456,6.21,0.001,412,685,1083,1522,2020,2290,2485,2988,3444,3809
424,0.8328773094670201,0.8152485711086663,31.331806984376914,30.016379399030832,6.22,0.001,412,685,1083,1522,2020,2290,2484,2988,3444,3809
425,0.8329381924547576,0.8157298494318797,31.326098749934136,29.977258836712892,6.24,0.001,412,685,1083,1522,2020,2290,2484,2988,3444,3809
426,0.8330038418636463,0.8154738514917294,31.319943211529576,29.9980732616957,6.25,0.001,412,685,1083,1522,2020,2291,2483,2988,3444,3809
427,0.8330646790537162,0.8157968529581874,31.314238661809263,29.971807838979597,6.26,0.001,412,685,1083,1522,2020,2291,2483,2988,3444,3809
428,0.8331183250057848,0.8157559777967749,31.30920660855256,29.975134144690454,6.28,0.001,412,686,1083,1522,2020,2291,2482,2988,3444,3809
429,0.8331629743957355,0.8158098410824801,31.305016999763293,29.970750918929795,6.29,0.001,412,686,1082,1522,2020,2291,2482,2988,3444,3809
430,0.8332010942478504,0.8159436324498981,31.301441059515835,29.95986389862642,6.31,0.001,412,686,1082,1522,2020,2291,2481,2988,3444,3809
431,0.833236054322918,0.8157739513258884,31.29816113027599,29.97367110436518,6.32,0.001,412,686,1082,1522,2020,2291,2481,2988,3444,3809
432,0.8332681910869569,0.8160735212453074,31.29514414990417,29.94929084256681,6.33,0.001,412,686,1082,1522,2020,2290,2480,2988,3444,3809
433,0.8332999316727219,0.8157805494878277,31.292164913296386,29.973134536536424,6.35,0.001,412,686,1082,1522,2020,2290,2480,2988,3444,3809
434,0.833330849369051,0.816205760485436,31.28926439541604,29.93852241697507,6.36,0.001,412,687,1082,1522,2020,2290,2479,2988,3444,3809
435,0.8333655741598972,0.8158156315594168,31.28600367383003,29.970280485880405,6.37,0.001,412,687,1082,1522,2020,2290,2478,2988,3444,3809
436,0.8333998597252555,0.8162997186142424,31.28278651165196,29.93086822259912,6.39,0.001,412,687,1082,1522,2020,2291,2478,2988,3444,3809
437,0.8334367695730291,0.8158476725322188,31.279320229561215,29.967673623462062,6.4,0.001,412,687,1082,1522,2020,2291,2477,2988,3444,3809
438,0.8334704329518929,0.8163792000475384,31.276159948950635,29.92439304842132,6.41,0.001,412,687,1082,1522,2020,2291,2477,2988,3444,3809
439,0.8335037541223543,0.8158953237816854,31.27302960013778,29.96379549602059,6.43,0.001,412,687,1081,1522,2020,2291,2476,2988,3444,3809
440,0.8335266034717244,0.8165102100046785,31.270883646972624,29.913716658682475,6.44,0.001,412,688,1081,1522,2020,2290,2476,2988,3444,3809
441,0.833548007513705,0.8159265396032611,31.26887320708287,29.961255294924747,6.45,0.001,412,688,1081,1522,2020,2290,2475,2988,3444,3809
442,0.8335568067171122,0.8166024644968958,31.268046546966783,29.906195916552456,6.47,0.001,412,688,1081,1522,2020,2290,2474,2988,3444,3809
443,0.8335619088283284,0.8158265013077235,31.26756830386269,29.96939662199956,6.48,0.001,412,688,1081,1522,2020,2290,2474,2988,3444,3809
444,0.8335489523335787,0.8166299611074852,31.26878439340753,29.903953918519495,6.49,0.001,412,688,1081,1522,2020,2290,2473,2988,3444,3809
445,0.8335249440075023,0.8156614228489432,31.271039792234284,29.982822841209327,6.51,0.001,412,688,1081,1522,2020,2291,2472,2988,3444,3809
446,0.8334652656631953,0.8166772907439154,31.276642939335538,29.90009406339719,6.52,0.001,412,689,1081,1522,2020,2291,2472,2988,3444,3809
447,0.8333831660983557,0.8153915462117461,31.284353188048033,30.00476341577648,6.53,0.001,412,689,1081,1522,2020,2291,2471,2988,3444,3809
448,0.8332507209978243,0.8166063933865213,31.296785290685207,29.905876516084803,6.55,0.001,412,689,1081,1522,2021,2291,2470,2988,3444,3809
449,0.8331053592765726,0.814861753134072,31.31042303023118,30.0477870538903,6.56,0.001,412,689,1081,1522,2020,2291,2470,2988,3443,3809
450,0.8329395254063612,0.8163799596244572,31.3259740533415,29.924331858991124,6.57,0.001,412,689,1080,1522,2021,2291,2469,2988,3444,3809
451,0.8328227193557107,0.8143775043810223,31.336924029285125,30.087057318162675,6.59,0.001,412,689,1080,1522,2021,2291,2468,2988,3443,3809
452,0.832776959614985,0.8163063651999724,31.34121258734755,29.93032782857183,6.6,0.001,412,690,1080,1522,2021,2290,2468,2988,3443,3809
453,0.8328733436815416,0.8144516356141588,31.332178081020498,30.081048965020113,6.61,0.001,412,690,1080,1522,2021,2290,2467,2988,3443,3809
454,0.8330837943579199,0.8166142818842828,31.31244639622408,29.90523260253494,6.63,0.001,412,690,1080,1522,2020,2290,2466,2988,3443,3809
455,0.8334122065478992,0.8152628408568747,31.281626574281788,30.01522135823079,6.64,0.001,412,690,1080,1522,2020,2290,2466,2988,3443,3809
456,0.833773948988028,0.8170945266227894,31.24764541910768,29.86604819792765,6.65,0.001,412,690,1080,1522,2020,2290,2465,2988,3443,3809
457,0.834101431289614,0.8164204515867711,31.216848626720694,29.921032543623266,6.67,0.001,412,690,1080,1522,2020,2290,2464,2988,3443,3809
458,0.8343200551009756,0.8172729554529867,31.19627217250384,29.851477648073597,6.68,0.001,412,691,1080,1522,2020,2290,2464,2988,3443,3809
459,0.8344206549633155,0.8171412180547599,31.18679937214021,29.862236584491207,6.69,0.001,412,691,1080,1522,2020,2290,2463,2988,3443,3809
460,0.8344186774498641,0.8169470988198277,31.186986273010874,29.878082754781346,6.71,0.001,412,691,1080,1522,2020,2290,2462,2988,3443,3809
461,0.8343483965090871,0.8173574815133204,31.193603407664966,29.844573164367443,6.72,0.001,412,691,1079,1522,2020,2291,2461,2988,3443,3809
462,0.8342382579075345,0.816412166821507,31.203970984087608,29.921707734519433,6.73,0.001,412,691,1079,1522,2020,2291,2460,2988,3443,3809
463,0.8340898295221861,0.817333822149667,31.217939608788544,29.84650572191984,6.75,0.001,412,692,1079,1522,2020,2291,2460,2988,3443,3809
464,0.8339414470697786,0.8158638171489818,31.231897100310366,29.966358904872394,6.76,0.001,412,692,1079,1522,2020,2291,2459,2988,3443,3809
465,0.8337941531636939,0.8172014623207304,31.24574482748361,29.857317555686308,6.78,0.001,412,692,1079,1522,2020,2291,2458,2988,3443,3809
466,0.8337202070646356,0.8154540975428648,31.252695196274672,29.999679563718363,6.79,0.001,412,692,1079,1522,2020,2291,2457,2988,3443,3809
467,0.8337328245719987,0.8171922524508133,31.251508752641147,29.858069822011164,6.8,0.001,412,692,1079,1522,2020,2290,2457,2988,3443,3809
468,0.8338802897947775,0.8157067399575023,31.23764794945456,29.979138050679822,6.82,0.001,412,692,1079,1522,2020,2290,2456,2988,3443,3809
469,0.8341230662016628,0.8175669312040879,31.214811242709267,29.82745485267359,6.83,0.001,412,693,1079,1522,2020,2290,2455,2988,3443,3809
470,0.8344269686431852,0.8166625569482349,31.186205391779893,29.90129534617031,6.84,0.001,412,693,1079,1522,2020,2290,2454,2988,3443,3809
471,0.8346972866001373,0.8179198775215473,31.160737750387707,29.798587391802233,6.86,0.001,412,693,1079,1522,2020,2290,2453,2988,3443,3809
472,0.8348874996149098,0.8175397592183915,31.142802467148208,29.82967600079659,6.87,0.001,412,693,1079,1522,2020,2290,2453,2988,3443,3809
473,0.8349698745070432,0.8177664234027613,31.135034621136604,29.811142608642367,6.88,0.001,412,693,1079,1522,2020,2290,2452,2988,3443,3809
474,0.8349574518082352,0.8179721620290898,31.136206880515328,29.7943103248653,6.9,0.001,412,694,1079,1522,2020,2290,2451,2988,3443,3809
475,0.8348840191336566,0.8173589280593319,31.143132699769765,29.844453525739084,6.91,0.001,412,694,1079,1522,2020,2290,2451,2988,3443,3809
476,0.834779630884063,0.8180532509934788,31.152973396849998,29.78767228102718,6.93,0.001,412,694,1079,1522,2020,2290,2450,2988,3443,3809
477,0.8346739757799329,0.8168547771351137,31.1629343773,29.885616698492584,6.94,0.001,412,694,1079,1522,2020,2291,2449,2988,3443,3809
478,0.8345666944650078,0.8179684158185119,31.17304195810661,29.794616581625846,6.96,0.001,412,694,1079,1522,2020,2291,2448,2988,3443,3809
479,0.8344997111938071,0.816490694867725,31.17935373944391,29.915306067452743,6.97,0.001,412,694,1079,1522,2020,2291,2447,2988,3443,3809
480,0.8344597395449078,0.8179602047620314,31.183118860297935,29.79528746754153,6.99,0.001,412,695,1079,1522,2020,2291,2447,2988,3443,3809
481,0.8344974031518841,0.8164789741863,31.179572005549062,29.91626293650224,7.0,0.001,412,695,1079,1522,2020,2291,2446,2988,3443,3809
482,0.8345917264717072,0.8180899140267999,31.17068548012349,29.784671358757993,7.02,0.001,412,695,1078,1522,2020,2290,2445,2988,3443,3809
483,0.8347636041726549,0.8168540921329752,31.154486848305655,29.885672861470134,7.03,0.001,412,695,1078,1522,2020,2291,2444,2988,3443,3809
484,0.8349679845695697,0.8183080457377108,31.13521301128053,29.76680812937352,7.05,0.001,412,695,1078,1522,2020,2291,2443,2988,3443,3809
485,0.8351792796642633,0.8175466521310306,31.115274035757945,29.829112288859793,7.06,0.001,412,696,1078,1522,2020,2291,2443,2988,3443,3809
486,0.8353503915627494,0.8184606447344279,31.099120139282075,29.754306000744457,7.08,0.001,412,696,1078,1522,2020,2291,2442,2988,3443,3809
487,0.8354692991351244,0.8181895312741697,31.087887127854454,29.776514371320708,7.09,0.001,412,696,1078,1522,2020,2291,2441,2988,3443,3809
488,0.8355287096967824,0.8183706748409703,31.082272536216283,29.7616764523423,7.11,0.001,412,696,1078,1522,2020,2291,2440,2988,3443,3809
489,0.8355411252576481,0.8185034925370944,31.081100206380444,29.750791907790035,7.12,0.001,412,696,1078,1523,2020,2291,2439,2988,3443,3809
490,0.8355206406185708,0.8180742311559774,31.08303737414257,29.785954138903186,7.14,0.001,412,696,1078,1523,2020,2291,2439,2988,3443,3809
491,0.8354734949592839,0.8186453159713891,31.087489555059562,29.739167621510735,7.15,0.001,412,697,1078,1523,2020,2291,2438,2988,3443,3809
492,0.8354079278643033,0.8177535353317085,31.093684241450564,29.812196997936095,7.17,0.001,412,697,1078,1523,2020,2291,2437,2988,3443,3809
493,0.8353143441020912,0.8186754707779547,31.102524083979603,29.736695464171977,7.18,0.001,412,697,1078,1523,2020,2290,2436,2988,3443,3809
494,0.8352071576109511,0.8173189013786677,31.1126434433214,29.84772449810611,7.2,0.001,412,697,1078,1523,2020,2291,2435,2988,3443,3809
495,0.835079065660419,0.818529323897934,31.124732326597506,29.74867566150267,7.21,0.001,412,697,1078,1523,2020,2290,2434,2988,3443,3809
496,0.8349594827783243,0.8167866374103144,31.136013794004985,29.891176321366142,7.23,0.001,412,698,1078,1523,2020,2291,2433,2987,3443,3809
497,0.8348458453392891,0.8183481648544186,31.14673171432879,29.763522112397187,7.24,0.001,412,698,1078,1523,2020,2290,2433,2987,3443,3809
498,0.8347966549863811,0.8164803075284788,31.151369743785946,29.9161527655055,7.26,0.001,412,698,1078,1523,2020,2291,2432,2987,3443,3809
499,0.8348155584306416,0.8183506398656872,31.149586721651502,29.763319095393555,7.28,0.001,412,698,1077,1523,2020,2291,2431,2987,3443,3809
