epoch,train_accuracy,validation_accuracy,train_kappa,validation_kappa,time,lr,band_1,band_2,band_3,band_4,band_5,band_6,band_7,band_8,band_9,band_10,band_11,band_12,band_13,band_14,band_15,band_16,band_17,band_18,band_19,band_20
0,0.06196581196581197,0.0625,-0.018431261825867296,-0.009775771356492102,0.01,0.001,6,12,19,25,31,37,43,50,56,62,68,74,80,87,93,99,105,111,117,124
1,0.10220797720797721,0.09615384615384616,-0.001331838189192247,-0.0013486522013759217,0.01,0.001,6,12,19,25,31,37,43,50,56,62,68,74,80,87,93,99,105,111,117,124
2,0.11378205128205128,0.10737179487179487,-0.00326170592988273,-0.002506496990184459,0.02,0.001,6,13,19,25,31,37,43,50,56,62,68,74,80,87,93,99,105,111,117,123
3,0.2540954415954416,0.2483974358974359,0.08180105506865754,0.08839846122696893,0.02,0.001,6,13,19,25,31,37,43,50,56,62,68,74,80,87,93,99,105,111,117,123
4,0.33244301994301995,0.3108974358974359,0.13418391269522134,0.1195781640159731,0.03,0.001,6,13,19,25,31,37,43,50,56,62,68,74,80,87,93,99,105,111,117,123
5,0.3685897435897436,0.36217948717948717,0.14153797209980812,0.14186793821913546,0.04,0.001,6,13,19,25,31,37,43,50,56,62,68,74,80,87,93,99,105,111,117,123
6,0.39832621082621084,0.3894230769230769,0.10519834701508002,0.10151697240425384,0.04,0.001,6,13,19,25,31,37,43,50,56,62,68,74,80,87,93,99,105,111,117,123
7,0.37553418803418803,0.36698717948717946,-0.00013924033277534775,0.0,0.05,0.001,6,13,19,25,31,37,43,50,56,62,68,74,80,87,93,99,105,111,117,123
8,0.37571225071225073,0.36698717948717946,0.0,0.0,0.05,0.001,6,13,19,25,31,37,43,50,56,62,68,74,80,87,93,99,105,111,117,123
9,0.37571225071225073,0.36698717948717946,0.0,0.0,0.06,0.001,6,13,19,25,31,37,43,50,56,62,68,74,80,87,93,99,105,111,117,123
10,0.37571225071225073,0.36698717948717946,0.0,0.0,0.06,0.001,6,13,19,25,31,37,43,50,56,61,68,74,80,87,93,99,105,111,117,123
11,0.37571225071225073,0.36698717948717946,0.0,0.0,0.07,0.001,6,13,19,25,31,37,43,50,56,61,68,74,80,87,93,99,105,111,117,123
12,0.37571225071225073,0.36698717948717946,0.0,0.0,0.07,0.001,6,13,19,25,31,37,43,50,56,61,68,74,80,87,93,99,105,111,117,123
13,0.37571225071225073,0.3685897435897436,0.00017468015251609348,0.0030655442557540047,0.08,0.001,6,13,19,25,31,37,43,50,56,61,68,74,80,87,93,99,105,111,117,123
14,0.37571225071225073,0.3685897435897436,0.0005674874558877496,0.0030655442557540047,0.08,0.001,6,13,19,25,31,37,43,50,56,61,68,74,80,87,93,99,105,111,117,123
15,0.37535612535612534,0.3733974358974359,0.0011746038956613747,0.01118568232662187,0.09,0.001,6,13,19,25,31,37,43,50,56,61,68,74,80,87,93,99,105,111,117,123
16,0.3814102564102564,0.3766025641025641,0.01272787610417947,0.01834417160050472,0.09,0.001,6,13,19,25,31,37,43,50,56,61,69,74,80,87,93,99,105,111,117,123
17,0.38746438746438744,0.3958333333333333,0.02637319196026522,0.05132754782720916,0.1,0.001,6,13,19,25,31,37,43,49,56,61,69,74,80,87,93,99,105,111,117,123
18,0.3847934472934473,0.3926282051282051,0.02771135485262377,0.052013853258081166,0.11,0.001,6,13,19,25,31,37,43,49,56,61,69,74,80,87,93,99,105,111,117,123
19,0.3806980056980057,0.3814102564102564,0.027566648392056692,0.039418061161006324,0.11,0.001,6,13,19,25,31,37,43,49,56,61,69,74,80,87,93,99,105,111,117,123
20,0.3801638176638177,0.3798076923076923,0.031104403325666774,0.039625853045511694,0.12,0.001,6,13,19,25,31,37,43,49,56,61,69,74,80,87,93,99,105,111,117,123
21,0.3801638176638177,0.3798076923076923,0.031166345263318185,0.03928963574736244,0.12,0.001,6,13,19,25,31,37,43,49,56,61,69,73,81,87,93,99,105,111,117,123
22,0.38087606837606836,0.38301282051282054,0.030254415516539623,0.043417322333004216,0.13,0.001,6,13,19,25,31,38,43,49,56,61,69,73,81,87,93,99,105,112,117,123
23,0.3801638176638177,0.38621794871794873,0.02545522849884896,0.04587917791156326,0.13,0.001,6,13,19,25,31,38,43,49,56,61,69,73,81,87,92,99,105,112,117,123
24,0.38461538461538464,0.3926282051282051,0.028058215263148223,0.05184662507817894,0.14,0.001,6,13,19,25,31,38,43,49,56,61,68,73,81,87,92,99,105,112,117,123
25,0.3888888888888889,0.391025641025641,0.029793824583474238,0.04496463727022282,0.14,0.001,6,13,19,25,31,38,43,49,56,61,68,73,81,87,92,99,105,112,117,123
26,0.38586182336182334,0.38621794871794873,0.02147210130269761,0.03520217026224015,0.15,0.001,6,13,19,25,31,38,42,49,56,61,68,73,81,87,92,98,105,112,117,123
27,0.38247863247863245,0.3782051282051282,0.013810699418442485,0.020519127451614882,0.15,0.001,6,13,19,25,32,38,42,49,56,61,68,73,81,87,92,98,105,112,117,123
28,0.37802706552706555,0.375,0.005141880982708402,0.013890464690341497,0.16,0.001,6,13,19,25,32,38,42,49,56,61,68,73,81,87,92,98,105,112,117,123
29,0.37624643874643876,0.3701923076923077,0.0014008819901843994,0.005773222625843344,0.16,0.001,6,13,19,25,32,38,42,49,56,61,68,73,81,87,92,98,105,112,117,123
30,0.375,0.3685897435897436,-0.000878605053014736,0.0030655442557540047,0.17,0.001,7,13,19,25,32,38,42,49,57,61,68,73,81,87,92,98,105,112,117,123
31,0.37553418803418803,0.3685897435897436,-0.000219694432772366,0.0030655442557540047,0.18,0.001,7,13,19,25,32,38,42,49,57,61,68,73,81,88,92,98,105,112,117,123
32,0.37571225071225073,0.36698717948717946,0.0,0.0,0.18,0.001,7,13,19,25,32,38,42,49,57,61,68,73,81,88,92,98,105,112,117,123
33,0.37571225071225073,0.36698717948717946,0.0,0.0,0.19,0.001,7,13,19,25,32,38,42,49,57,61,68,73,81,88,92,98,105,112,117,123
34,0.37571225071225073,0.36698717948717946,0.0,0.0,0.19,0.001,7,13,19,25,32,38,42,49,57,61,68,73,81,88,92,98,105,112,117,123
35,0.37571225071225073,0.36698717948717946,5.3629236709706873e-05,0.0,0.2,0.001,7,13,19,25,32,38,42,49,57,61,68,73,81,88,92,98,105,112,117,123
36,0.37410968660968663,0.36378205128205127,0.0029940119760479833,-0.001516051958132758,0.2,0.001,7,13,19,25,32,38,42,49,57,61,68,73,81,88,92,98,105,112,117,123
37,0.38514957264957267,0.3766025641025641,0.042488291841262016,0.035311043195917824,0.21,0.001,7,13,19,25,32,38,42,49,57,61,68,73,81,88,92,98,105,112,117,123
38,0.40349002849002846,0.3958333333333333,0.09225446056361519,0.08586172593882113,0.22,0.001,7,13,19,25,32,38,42,49,57,62,68,73,81,88,92,98,105,112,117,123
39,0.4163105413105413,0.4230769230769231,0.12506692964842026,0.1390893447743291,0.22,0.001,7,13,19,25,32,38,42,49,57,62,68,73,81,88,92,98,105,112,117,123
40,0.4277065527065527,0.4391025641025641,0.15041636593623098,0.16948701372780173,0.23,0.001,7,13,19,25,32,38,42,49,57,62,68,73,81,88,92,98,105,112,117,123
41,0.43856837606837606,0.44871794871794873,0.17129740520083037,0.1880255557699072,0.24,0.001,7,13,19,25,32,38,42,49,57,61,68,73,81,88,92,98,105,112,117,123
42,0.45762108262108264,0.46153846153846156,0.20484679726334332,0.21027831451913626,0.24,0.001,7,13,19,25,32,38,42,49,57,61,68,73,81,88,92,98,105,112,117,123
43,0.478988603988604,0.483974358974359,0.2404000076549765,0.24563550763269937,0.25,0.001,7,13,19,25,32,38,42,49,57,61,68,73,81,88,92,98,105,112,117,123
44,0.4959045584045584,0.4951923076923077,0.26831048984261596,0.2639332536951253,0.26,0.001,7,13,19,25,32,38,42,49,57,61,68,73,81,88,92,98,105,112,117,123
45,0.510505698005698,0.5112179487179487,0.2919665842956609,0.28933896425410843,0.26,0.001,7,13,19,25,32,38,42,49,57,61,68,73,81,88,92,98,105,112,117,123
46,0.5233262108262108,0.532051282051282,0.3122988910808915,0.32130205947099644,0.27,0.001,7,13,19,25,32,38,42,49,57,61,68,73,81,88,92,98,105,112,117,123
47,0.5322293447293447,0.5400641025641025,0.3261701039078413,0.33368802902055616,0.27,0.001,7,13,19,25,32,38,42,49,57,61,68,73,81,88,92,98,105,112,117,123
48,0.5368589743589743,0.5416666666666666,0.33325932820628745,0.33633561045268445,0.28,0.001,7,13,19,25,32,38,42,49,57,61,68,73,81,88,92,98,105,112,117,123
49,0.5368589743589743,0.5432692307692307,0.33328549966014365,0.33887246974850826,0.28,0.001,7,13,19,25,32,38,42,49,57,62,68,73,81,88,92,98,105,112,117,123
50,0.5336538461538461,0.5432692307692307,0.32818603289810666,0.33854788498231436,0.29,0.001,7,13,19,25,32,38,42,49,57,62,68,73,81,88,92,98,105,112,117,123
51,0.5281339031339032,0.5352564102564102,0.31961935184261525,0.326392275250053,0.29,0.001,7,13,19,25,32,38,42,49,57,62,67,73,81,88,92,98,105,112,117,123
52,0.520477207977208,0.532051282051282,0.30781600694202893,0.3215471917308351,0.3,0.001,7,13,19,25,32,38,42,49,57,62,67,73,81,88,92,98,105,112,117,123
53,0.5163817663817664,0.5240384615384616,0.30159705800958503,0.30902420473356895,0.31,0.001,7,13,19,25,32,38,42,49,57,62,67,73,82,88,92,98,105,112,117,123
54,0.5083689458689459,0.5144230769230769,0.2896761415141689,0.29488107047758283,0.31,0.001,7,13,19,25,32,38,42,49,57,62,67,73,82,88,91,98,105,112,117,123
55,0.5071225071225072,0.5096153846153846,0.28817257694538434,0.287806733878638,0.32,0.001,7,13,19,25,32,38,42,49,57,62,67,73,82,88,91,98,105,112,117,123
56,0.5058760683760684,0.5080128205128205,0.28676337462835666,0.2861369683328737,0.32,0.001,7,13,19,25,32,38,42,49,58,62,67,73,82,88,91,98,105,112,117,123
57,0.5087250712250713,0.5112179487179487,0.29181622604410484,0.2914159766485972,0.33,0.001,7,13,19,25,32,38,42,49,58,62,67,73,82,88,91,98,105,111,117,123
58,0.5124643874643875,0.5160256410256411,0.2982224773154457,0.2990980603648672,0.33,0.001,7,13,19,25,32,38,42,48,58,62,67,73,82,88,91,98,105,111,117,123
59,0.5186965811965812,0.5240384615384616,0.30835843905285687,0.3119640032967278,0.34,0.001,7,13,19,25,32,38,42,48,58,62,67,73,82,88,91,97,105,111,117,123
60,0.5270655270655271,0.5368589743589743,0.3216668297760332,0.3318513249155255,0.34,0.001,7,13,19,25,32,38,42,48,58,62,67,73,82,88,91,97,106,111,117,123
61,0.5318732193732194,0.5416666666666666,0.3295637388025361,0.33932564303801216,0.35,0.001,7,13,19,25,32,38,42,48,58,62,67,73,82,88,91,97,106,111,117,123
62,0.5368589743589743,0.5480769230769231,0.33758484475308015,0.34930777422790193,0.36,0.001,7,13,19,25,32,38,42,48,58,62,67,73,82,88,91,97,106,111,117,123
63,0.540954415954416,0.5528846153846154,0.3441202646958388,0.3566487317448117,0.36,0.001,7,13,19,25,32,38,42,48,58,62,67,73,82,88,91,97,106,111,117,123
64,0.5450498575498576,0.5560897435897436,0.3503306147112748,0.3616757267785393,0.37,0.001,7,13,19,25,32,38,42,48,58,62,67,73,82,88,91,97,106,111,117,123
65,0.5466524216524217,0.5608974358974359,0.35283438571087555,0.3688966321664279,0.37,0.001,7,13,19,25,32,38,42,48,58,62,67,73,82,88,91,97,106,111,117,123
66,0.5480769230769231,0.5608974358974359,0.35486900861869974,0.3688966321664279,0.38,0.001,7,13,19,25,32,38,42,48,58,62,67,73,82,88,91,97,106,111,117,123
67,0.5468304843304843,0.5576923076923077,0.35280906202794393,0.36385563529850673,0.38,0.001,7,13,19,24,33,38,42,48,58,62,67,73,82,88,91,97,106,111,117,123
68,0.5461182336182336,0.5560897435897436,0.3513405350902814,0.36144698489399196,0.39,0.001,7,13,19,24,33,38,42,48,58,62,67,73,82,88,91,97,106,111,117,123
69,0.5450498575498576,0.5544871794871795,0.3494679093539943,0.35893332939146116,0.39,0.001,7,13,19,24,33,38,42,48,58,62,67,73,82,88,91,97,106,111,117,123
70,0.5443376068376068,0.5528846153846154,0.3482970058385676,0.3563966255332678,0.4,0.001,7,13,19,24,33,38,42,48,58,63,67,73,82,88,91,97,106,111,117,123
71,0.5443376068376068,0.5528846153846154,0.3482690179151212,0.3562919196326233,0.41,0.001,7,13,19,24,33,38,42,48,58,63,66,74,82,88,91,97,106,111,117,123
72,0.5450498575498576,0.5544871794871795,0.34946165677076024,0.3583689955282011,0.41,0.001,7,13,19,24,33,38,42,48,58,63,66,74,82,88,91,97,106,111,117,123
73,0.5470085470085471,0.5576923076923077,0.3525068818586321,0.3632959078423471,0.42,0.001,7,13,19,24,33,38,42,48,58,63,66,74,82,88,91,97,106,111,117,123
74,0.5505698005698005,0.5608974358974359,0.35814538819415087,0.3683207164470257,0.42,0.001,7,14,19,24,33,38,42,48,58,63,66,74,82,88,91,97,106,111,117,123
75,0.5516381766381766,0.5657051282051282,0.36015139445043276,0.3756636416667283,0.43,0.001,7,14,19,24,33,38,42,48,58,63,66,74,82,88,91,97,106,111,117,123
76,0.5534188034188035,0.5705128205128205,0.3630887203181886,0.38299654293293595,0.43,0.001,7,14,19,24,33,38,42,48,58,63,66,74,82,88,91,97,106,111,117,123
77,0.5557336182336182,0.5737179487179487,0.366644188102326,0.38801875940182284,0.44,0.001,7,14,19,24,33,38,42,48,58,63,66,74,82,88,91,97,106,111,117,123
78,0.5566239316239316,0.5721153846153846,0.3680962688152122,0.38559801748712075,0.44,0.001,7,14,19,24,33,38,42,48,58,63,66,74,82,88,91,97,106,111,117,123
79,0.5562678062678063,0.5721153846153846,0.36770877543417335,0.385697693711631,0.45,0.001,7,14,19,24,33,38,42,48,59,63,66,74,82,88,91,97,106,111,117,123
80,0.5568019943019943,0.5721153846153846,0.3683111958832518,0.38537816242059364,0.46,0.001,7,14,19,24,33,38,42,48,59,63,66,74,82,88,91,97,106,111,117,123
81,0.5568019943019943,0.5721153846153846,0.36804708656427154,0.38537816242059364,0.46,0.001,7,14,19,24,33,38,42,48,59,63,66,74,82,88,91,97,106,111,117,123
82,0.5557336182336182,0.5689102564102564,0.36627776106626597,0.38057316614142433,0.47,0.001,7,14,19,24,33,38,42,48,59,63,66,74,82,88,91,97,106,111,117,123
83,0.5555555555555556,0.5673076923076923,0.36587732563639086,0.37804783509112594,0.47,0.001,7,14,19,24,33,38,42,48,59,63,66,74,82,88,91,97,106,111,117,123
84,0.5560897435897436,0.5705128205128205,0.3666061111544411,0.38289636340153876,0.48,0.001,7,14,18,24,33,38,42,48,59,63,66,74,82,88,91,97,106,111,117,123
85,0.5562678062678063,0.5721153846153846,0.3668631303564427,0.3855391026941305,0.48,0.001,7,14,18,24,33,38,43,48,59,63,66,74,82,88,91,97,106,111,117,123
86,0.5573361823361823,0.5737179487179487,0.36861576182228484,0.38793977631836096,0.49,0.001,7,14,18,24,33,38,43,48,59,63,66,74,82,88,91,97,106,111,117,123
87,0.5589387464387464,0.5737179487179487,0.37100232810173617,0.3878404543694334,0.5,0.001,7,14,18,24,33,38,43,48,59,63,66,74,82,88,90,96,106,111,117,123
88,0.5612535612535613,0.5721153846153846,0.3743801478774724,0.3855187064794051,0.5,0.001,7,14,18,24,33,38,43,48,59,63,66,74,82,88,90,96,106,111,117,123
89,0.561965811965812,0.5737179487179487,0.37557768293696014,0.3877207737594617,0.51,0.001,7,14,18,24,33,38,43,48,59,63,66,74,82,88,90,96,106,111,117,123
90,0.5617877492877493,0.5753205128205128,0.37535764689707773,0.39022051773729627,0.51,0.001,7,14,18,24,33,38,43,48,59,63,66,74,82,88,90,96,106,111,117,123
91,0.5623219373219374,0.5737179487179487,0.3760828617915223,0.38774110018037555,0.52,0.001,7,14,18,24,33,38,43,48,59,63,66,74,82,88,90,96,106,111,117,123
92,0.563034188034188,0.5753205128205128,0.37696727199179003,0.39014180604473625,0.52,0.001,7,14,18,24,33,38,43,48,59,63,66,74,82,88,90,96,106,111,117,123
93,0.5635683760683761,0.5769230769230769,0.3775659468989957,0.39268057997942873,0.53,0.001,7,14,18,24,33,38,43,48,59,63,66,74,82,88,90,96,106,111,117,123
94,0.5644586894586895,0.5721153846153846,0.3786839869579477,0.3861209571042218,0.54,0.001,7,14,18,24,33,38,43,48,59,63,66,74,82,88,90,96,106,111,117,123
95,0.5651709401709402,0.5689102564102564,0.3795761459042931,0.38144284308703713,0.54,0.001,7,14,18,24,33,38,43,48,59,63,66,74,82,89,90,96,106,111,117,123
96,0.5676638176638177,0.5689102564102564,0.3830657213037394,0.3816843664010785,0.55,0.001,7,14,18,24,33,38,43,48,59,63,66,74,82,89,90,96,106,111,117,123
97,0.5685541310541311,0.5721153846153846,0.3842949226835295,0.3865210491238278,0.55,0.001,7,14,18,24,33,38,43,48,59,63,66,74,82,89,90,96,106,111,117,123
98,0.5692663817663818,0.5737179487179487,0.3851920161650948,0.38911788953009063,0.56,0.001,7,14,18,24,33,38,43,48,59,62,66,74,82,89,90,96,106,111,117,123
99,0.5710470085470085,0.5753205128205128,0.38790456592327693,0.3916316236769203,0.56,0.001,7,14,18,24,33,38,43,48,59,62,66,74,82,89,90,96,106,111,117,123
100,0.5714031339031339,0.5753205128205128,0.388383048139777,0.3916316236769203,0.57,0.001,7,14,18,24,33,38,43,48,59,62,66,74,82,89,90,96,106,111,117,123
101,0.5721153846153846,0.5753205128205128,0.3893717617389142,0.3912957052775723,0.57,0.001,7,14,18,24,33,38,43,48,59,62,66,74,82,89,90,96,106,111,117,123
102,0.5726495726495726,0.5785256410256411,0.39024867461738644,0.39555594842159925,0.58,0.001,7,14,18,24,33,38,43,48,59,62,66,74,82,89,90,96,106,111,117,123
103,0.57247150997151,0.5801282051282052,0.3900627939650485,0.3981667586968526,0.59,0.001,7,14,18,24,33,38,44,48,59,62,66,74,82,89,90,96,106,111,117,123
104,0.573539886039886,0.5833333333333334,0.39155163534136883,0.40272132885668843,0.59,0.001,7,14,18,24,33,38,44,48,59,62,66,74,82,89,90,96,106,111,117,123
105,0.5746082621082621,0.5801282051282052,0.39301942369657594,0.3983616571844939,0.6,0.001,7,14,18,24,33,38,44,48,59,62,66,74,82,89,90,96,106,111,117,123
106,0.5746082621082621,0.5769230769230769,0.3930856234208113,0.3937489189596989,0.6,0.001,7,14,18,24,33,38,44,48,59,63,66,74,82,89,90,96,106,111,117,123
107,0.5747863247863247,0.5753205128205128,0.39342508645982766,0.3916898118343848,0.61,0.001,7,14,18,24,33,38,44,48,59,63,66,74,82,89,90,96,106,111,117,123
108,0.5754985754985755,0.5801282051282052,0.39439847684830776,0.3986559802259161,0.61,0.001,6,14,18,24,33,38,44,48,59,63,66,74,82,89,90,96,106,111,117,123
109,0.5767450142450142,0.5769230769230769,0.39618958783701175,0.3942839073570885,0.62,0.001,6,14,18,24,33,38,44,48,59,63,66,74,82,89,90,96,106,111,117,123
110,0.5762108262108262,0.5817307692307693,0.39542795922243446,0.4014003491684278,0.62,0.001,6,14,18,24,33,38,44,48,59,62,66,74,82,89,90,96,106,111,117,123
111,0.5753205128205128,0.5817307692307693,0.3941032301140759,0.4019454838555685,0.63,0.001,6,14,18,24,33,38,44,48,59,62,66,74,82,89,90,96,106,111,117,123
112,0.5758547008547008,0.5833333333333334,0.3946964756654383,0.4044883606545342,0.64,0.001,6,14,18,24,33,38,44,48,59,62,66,74,82,89,90,96,106,111,117,123
113,0.5776353276353277,0.5865384615384616,0.39714570461372645,0.40905186653452263,0.64,0.001,6,14,18,24,33,38,44,48,59,62,66,74,82,89,90,96,106,111,117,123
114,0.5778133903133903,0.5865384615384616,0.39740340423729414,0.40884138169079776,0.65,0.001,6,14,18,24,33,38,44,48,59,62,66,74,82,89,90,96,106,111,117,123
115,0.5785256410256411,0.5897435897435898,0.398489049600651,0.41365223040754073,0.65,0.001,6,14,18,24,33,38,44,48,59,62,66,74,82,89,90,95,106,111,117,123
116,0.5779914529914529,0.5897435897435898,0.39771005361453515,0.41353814072676276,0.66,0.001,6,14,18,24,33,38,44,48,59,62,66,74,82,89,90,95,106,111,117,123
117,0.5795940170940171,0.5897435897435898,0.399999294083597,0.41353814072676276,0.66,0.001,6,14,18,24,33,38,44,48,59,62,66,74,82,89,90,95,106,111,117,123
118,0.5795940170940171,0.5897435897435898,0.39999869676842015,0.41363285981720077,0.67,0.001,6,14,18,24,33,38,44,48,59,62,66,74,82,89,90,95,106,111,117,123
119,0.5792378917378918,0.5897435897435898,0.3997394074690708,0.4137275483165366,0.68,0.001,6,14,18,24,33,38,44,48,59,62,66,74,82,89,90,95,106,111,117,123
120,0.5804843304843305,0.592948717948718,0.4015828415192446,0.418721668842695,0.68,0.001,6,14,18,24,33,38,44,48,59,62,66,74,82,90,95,106,111,117,123
121,0.5819088319088319,0.5913461538461539,0.40377847221977314,0.4165658343416566,0.69,0.001,6,14,18,24,33,38,45,48,59,62,66,74,82,90,95,106,111,117,123
122,0.5819088319088319,0.592948717948718,0.4038424370508683,0.4193243475935241,0.69,0.001,6,14,18,24,33,38,45,48,59,62,66,74,82,90,95,106,111,117,123
123,0.5838675213675214,0.5977564102564102,0.40685866243080526,0.4267581663464177,0.7,0.001,6,14,18,24,32,38,45,48,59,62,66,74,82,90,95,106,111,117,123
124,0.5842236467236467,0.6057692307692307,0.40737267268084254,0.4383047858112533,0.7,0.001,6,14,18,24,32,38,45,48,59,62,66,74,82,90,95,107,111,117,123
125,0.5851139601139601,0.6073717948717948,0.40849048646129915,0.44071498340948756,0.71,0.001,6,14,18,24,32,38,45,48,59,62,66,74,82,90,95,107,111,117,123
126,0.5858262108262108,0.6121794871794872,0.409392006555511,0.4474926275273129,0.72,0.001,6,14,18,24,32,38,45,48,59,62,66,74,82,90,95,107,111,117,123
127,0.5868945868945868,0.6105769230769231,0.4108534366611556,0.44533536228491155,0.72,0.001,6,14,18,24,32,38,45,48,59,62,66,74,82,90,95,107,111,117,123
128,0.5870726495726496,0.6073717948717948,0.41116592908140415,0.4410053712919255,0.73,0.001,6,14,18,24,32,38,45,48,59,62,66,73,82,90,95,107,111,117,123
129,0.5870726495726496,0.6121794871794872,0.4114699405319784,0.4486163193620354,0.73,0.001,6,14,18,24,32,38,45,48,59,62,66,73,82,90,95,107,111,117,123
130,0.5881410256410257,0.6137820512820513,0.41320309833343605,0.4509649295743795,0.74,0.001,6,14,18,24,32,38,45,48,59,62,66,73,83,90,95,107,111,117,123
131,0.5876068376068376,0.6121794871794872,0.41254542934300054,0.4484209603541608,0.74,0.001,6,14,18,24,32,38,45,48,59,62,66,73,83,90,95,107,111,117,123
132,0.5886752136752137,0.6105769230769231,0.4140336152331314,0.44623070798851794,0.75,0.001,6,14,18,24,32,38,45,48,59,62,67,73,83,90,95,107,111,117,123
133,0.5892094017094017,0.6105769230769231,0.4148258259213117,0.44623070798851794,0.76,0.001,6,14,18,24,32,38,45,48,59,62,67,73,83,90,95,107,111,117,123
134,0.5897435897435898,0.6105769230769231,0.41567498120254065,0.4464268112370625,0.76,0.001,6,14,18,24,32,38,44,48,59,62,67,73,83,90,95,107,111,117,123
135,0.5904558404558404,0.6073717948717948,0.4167470644317307,0.4418889911070224,0.77,0.001,6,14,18,24,32,38,44,48,59,62,67,73,83,90,95,107,111,117,123
136,0.5915242165242165,0.6089743589743589,0.41825742977884706,0.4439700979085336,0.77,0.001,6,14,18,24,32,38,44,48,59,62,67,73,83,90,94,107,111,117,123
137,0.592948717948718,0.6105769230769231,0.4203705053990181,0.4464268112370626,0.78,0.001,6,14,18,24,32,38,44,48,59,62,67,73,83,90,94,107,111,117,123
138,0.5927706552706553,0.6105769230769231,0.42021369831872346,0.4466045992197165,0.78,0.001,6,14,18,24,32,38,44,48,58,62,67,73,83,90,94,107,111,117,123
139,0.593482905982906,0.6089743589743589,0.4213720672424186,0.44454213469824044,0.79,0.001,6,14,18,24,32,38,44,48,58,62,67,73,83,90,94,107,111,117,123
140,0.5938390313390314,0.6105769230769231,0.42186746241658957,0.44699613781332403,0.8,0.001,6,14,18,24,32,38,44,48,58,62,67,73,83,90,94,107,111,117,123
141,0.5954415954415955,0.6105769230769231,0.424133568153071,0.44699613781332403,0.8,0.001,6,14,18,24,32,38,44,48,58,62,67,73,83,90,94,107,111,117,123
142,0.5963319088319088,0.6105769230769231,0.42544872208259743,0.44699613781332403,0.81,0.001,6,14,18,24,32,38,44,48,58,62,67,73,83,90,94,107,111,117,123
143,0.5977564102564102,0.6089743589743589,0.42757116170682974,0.44480949238078926,0.81,0.001,6,14,18,24,32,38,44,48,58,62,67,73,83,90,94,107,111,117,123
144,0.5990028490028491,0.6089743589743589,0.4294322560340932,0.4447021751498972,0.82,0.001,6,14,18,24,32,38,44,48,58,62,67,73,83,90,94,107,111,117,123
145,0.5997150997150997,0.6041666666666666,0.4305365918876428,0.43821895639242436,0.82,0.001,6,14,18,24,32,38,44,48,58,62,67,73,83,90,94,107,111,117,123
146,0.6002492877492878,0.6025641025641025,0.4314263748403131,0.4362527595025245,0.83,0.001,6,14,18,24,32,38,44,48,58,62,67,73,83,90,94,107,111,118,123
147,0.6007834757834758,0.6041666666666666,0.4322752066608332,0.43827218986668215,0.84,0.001,6,14,18,23,32,38,44,48,58,62,67,73,83,90,94,107,111,118,123
148,0.5998931623931624,0.6009615384615384,0.4310453944921583,0.4340331910305538,0.84,0.001,6,14,18,23,32,38,44,48,58,62,67,73,83,90,94,107,111,118,123
149,0.5993589743589743,0.6025641025641025,0.4303331631305637,0.43648678173476074,0.85,0.001,6,14,18,23,32,38,44,48,58,62,67,73,83,90,94,107,111,118,123
150,0.6000712250712251,0.6025641025641025,0.4315477459322441,0.4365606431317721,0.85,0.001,6,14,18,23,32,38,44,48,58,62,68,73,83,90,94,107,111,118,123
151,0.6018518518518519,0.6041666666666666,0.43431515329140824,0.4390490679206004,0.86,0.001,6,14,18,23,32,38,44,48,58,62,68,73,83,90,94,107,111,118,123
152,0.6029202279202279,0.6041666666666666,0.43593861824850944,0.43922867018373646,0.86,0.001,6,14,18,23,32,38,44,48,58,62,68,73,83,90,94,107,111,118,123
153,0.6038105413105413,0.6057692307692307,0.43716690224646326,0.44169603596329476,0.87,0.001,6,14,18,23,32,38,44,48,58,62,68,73,83,90,94,107,111,118,123
154,0.6032763532763533,0.6057692307692307,0.4362776917767609,0.44178536752111897,0.87,0.001,6,14,18,23,31,38,44,48,58,62,68,73,83,90,94,107,111,118,123
155,0.6036324786324786,0.6057692307692307,0.4367762659519857,0.44178536752111897,0.88,0.001,6,14,18,23,31,38,44,48,58,62,68,73,83,90,94,107,111,118,123
156,0.6043447293447294,0.6041666666666666,0.4379121320152135,0.4397504961723845,0.89,0.001,6,14,18,23,31,38,44,48,58,62,68,73,83,90,94,107,111,118,123
157,0.6052350427350427,0.6057692307692307,0.43947586754210566,0.44210794112302376,0.89,0.001,6,14,18,23,31,38,44,48,57,62,68,73,83,90,94,107,111,118,123
158,0.6055911680911681,0.6073717948717948,0.4401428618106865,0.4446422214311143,0.9,0.001,6,14,18,23,31,38,44,48,57,62,68,73,83,90,93,107,111,118,123
159,0.6057692307692307,0.6121794871794872,0.44040740573719694,0.4516357456450928,0.9,0.001,6,14,18,23,31,38,44,48,57,62,68,73,83,90,93,107,111,118,123
160,0.6068376068376068,0.6137820512820513,0.44190791710707844,0.45377873505813293,0.91,0.001,6,14,18,23,31,38,44,48,57,62,68,73,83,90,93,107,111,118,123
161,0.6070156695156695,0.6121794871794872,0.4421483736713371,0.45144252076052915,0.91,0.001,6,14,18,23,31,38,44,48,57,62,68,73,83,90,93,107,111,118,123
162,0.6079059829059829,0.6121794871794872,0.44352017040665703,0.45144252076052915,0.92,0.001,6,14,18,23,31,38,44,48,57,62,68,73,83,90,93,107,111,118,123
163,0.6091524216524217,0.6121794871794872,0.4454013843100193,0.45144252076052915,0.93,0.001,6,15,18,23,31,38,44,48,57,62,68,73,83,90,93,107,111,118,123
164,0.6091524216524217,0.6137820512820513,0.44552698645208955,0.45409400455938087,0.93,0.001,6,15,18,23,31,38,44,48,57,62,68,73,83,90,93,107,111,118,123
165,0.6093304843304843,0.6137820512820513,0.44585272518356256,0.45419901353396563,0.94,0.001,6,15,18,23,31,38,44,48,57,62,68,73,83,90,93,107,111,118,123
166,0.6095085470085471,0.6153846153846154,0.4461138434391193,0.45634141294601527,0.94,0.001,6,15,18,23,31,38,44,48,57,62,68,73,83,90,93,107,111,118,123
167,0.6107549857549858,0.6169871794871795,0.4478766939295865,0.4587284823013186,0.95,0.001,6,15,18,23,31,38,44,48,57,62,68,73,83,90,93,107,111,118,123
168,0.6111111111111112,0.6185897435897436,0.4484004691859914,0.4611829072728988,0.95,0.001,6,15,18,23,31,38,44,48,57,62,68,73,83,90,93,107,111,118,123
169,0.6128917378917379,0.6201923076923077,0.4511804275253074,0.4635675110995038,0.96,0.001,6,15,18,23,31,38,44,48,57,62,69,73,83,90,93,107,111,118,123
170,0.6148504273504274,0.6233974358974359,0.45424537861729997,0.4682640983987004,0.96,0.001,6,15,18,23,31,38,44,48,57,62,69,73,84,90,93,107,111,118,123
171,0.6173433048433048,0.625,0.45809118599555765,0.47083189881675036,0.97,0.001,6,15,18,23,31,38,44,48,57,62,69,73,84,90,93,107,111,118,123
172,0.6193019943019943,0.6266025641025641,0.46097423757557,0.4730092681530025,0.98,0.001,6,15,18,23,31,38,44,48,57,62,69,73,84,90,93,107,111,118,123
173,0.6203703703703703,0.6314102564102564,0.4624458172253858,0.4796285754687223,0.98,0.001,6,15,18,23,31,38,44,48,57,62,69,73,84,90,93,107,110,118,123
174,0.6221509971509972,0.6314102564102564,0.4650998605919986,0.4796285754687223,0.99,0.001,6,15,18,23,31,38,44,48,57,62,69,73,84,90,93,107,110,118,123
175,0.6223290598290598,0.6282051282051282,0.46558070157917364,0.4751530839759416,0.99,0.001,6,15,18,23,31,38,44,48,57,62,69,73,84,90,93,107,110,118,123
176,0.6230413105413105,0.6266025641025641,0.4667906643320231,0.4729576892961749,1.0,0.001,6,15,18,23,31,38,44,48,57,62,69,73,84,90,93,107,110,118,123
177,0.6253561253561254,0.6282051282051282,0.4703499557648684,0.47540413319273367,1.0,0.001,6,15,18,23,31,38,44,48,57,62,69,73,84,90,93,107,110,118,123
178,0.6267806267806267,0.625,0.472445181386274,0.4712036765424856,1.01,0.001,6,15,18,23,31,38,44,48,57,62,69,73,84,90,93,107,110,118,123
179,0.6280270655270656,0.6266025641025641,0.473824011315196,0.47321166534418857,1.02,0.001,6,15,18,23,31,38,44,48,57,62,69,73,84,90,93,107,110,118,123
180,0.6294515669515669,0.6298076923076923,0.475833921251946,0.47783372577431626,1.02,0.001,6,15,18,23,31,38,44,48,57,62,69,73,84,90,93,107,110,118,123
181,0.6303418803418803,0.6314102564102564,0.4770458342313644,0.4802937470125581,1.03,0.001,6,15,18,23,31,38,44,48,57,62,69,73,84,90,93,107,110,118,123
182,0.6310541310541311,0.6330128205128205,0.47834741011537874,0.4826694856960806,1.03,0.001,6,15,18,23,31,38,44,48,57,62,69,73,84,90,93,107,110,118,123
183,0.6331908831908832,0.6394230769230769,0.4815349343766786,0.4923050219856515,1.04,0.001,6,15,18,23,31,38,44,48,57,62,69,73,84,90,92,107,110,118,123
184,0.6335470085470085,0.6394230769230769,0.482020865307242,0.4926609283871388,1.04,0.001,6,15,18,23,30,38,44,48,57,62,69,73,84,90,92,107,110,118,123
185,0.6335470085470085,0.6394230769230769,0.4820889665549667,0.4926279271465741,1.05,0.001,6,15,18,23,30,38,44,48,57,62,69,73,84,90,92,107,110,118,123
186,0.6347934472934473,0.6394230769230769,0.48381052918579004,0.49264442830350275,1.05,0.001,6,15,18,23,30,38,44,48,57,62,69,73,84,90,92,107,110,118,123
187,0.6367521367521367,0.6410256410256411,0.4866346966447609,0.49522220536933104,1.06,0.001,6,15,18,23,30,38,44,48,57,62,69,73,84,90,92,107,110,118,123
188,0.6387108262108262,0.6378205128205128,0.4895888316851268,0.4907318130112128,1.07,0.001,6,15,18,23,30,38,44,48,57,62,69,73,84,90,92,107,110,118,123
189,0.6396011396011396,0.6378205128205128,0.49077075575320817,0.49092668064875944,1.07,0.001,6,15,18,23,30,38,44,48,57,62,69,73,84,90,92,107,110,118,123
190,0.6415598290598291,0.6394230769230769,0.49353608242619385,0.4930657606360508,1.08,0.001,6,15,18,23,30,38,44,48,57,62,69,73,84,90,92,107,110,118,123
191,0.6417378917378918,0.6410256410256411,0.4938140978388149,0.495349777598059,1.08,0.001,6,15,18,23,30,38,44,48,57,62,69,73,84,90,92,107,110,118,123
192,0.6424501424501424,0.6442307692307693,0.4948799211224676,0.5000144370975659,1.09,0.001,6,15,18,23,30,38,44,48,57,62,69,73,84,90,92,107,110,118,123
193,0.6445868945868946,0.6458333333333334,0.49817239445336214,0.5023779796915483,1.09,0.001,6,15,18,23,30,38,44,48,57,62,69,73,84,90,92,107,110,118,123
194,0.6456552706552706,0.6506410256410257,0.4997092936327695,0.5092109535664032,1.1,0.001,6,15,18,23,30,38,44,48,57,62,69,73,84,90,92,107,110,118,123
195,0.6470797720797721,0.6506410256410257,0.5015662657238369,0.5092428243646911,1.11,0.001,6,15,18,23,30,38,44,48,57,62,69,73,84,90,92,107,110,118,123
196,0.6483262108262108,0.6538461538461539,0.503250463368215,0.5137136053685463,1.11,0.001,6,15,18,23,30,38,44,48,57,62,69,73,84,90,92,107,110,118,123
197,0.6493945868945868,0.6538461538461539,0.5047410993481498,0.5137136053685463,1.12,0.001,6,15,18,23,30,38,44,48,57,62,69,73,84,90,92,107,110,118,123
198,0.6501068376068376,0.6538461538461539,0.5059178916183331,0.5137136053685463,1.12,0.001,6,15,18,23,30,38,44,48,57,62,70,73,84,90,92,107,110,118,123
199,0.6520655270655271,0.6538461538461539,0.5086321344273909,0.5136048039031713,1.13,0.001,6,15,18,23,30,38,44,48,57,62,70,73,84,90,92,107,110,118,123
200,0.6525997150997151,0.6538461538461539,0.5094450098858094,0.5136048039031713,1.13,0.001,6,15,18,23,30,38,44,48,57,62,70,72,84,90,92,107,110,118,123
201,0.6534900284900285,0.655448717948718,0.510679896463472,0.5158566335147308,1.14,0.001,6,15,18,23,30,38,44,48,57,62,70,72,84,90,92,107,110,118,123
202,0.6547364672364673,0.657051282051282,0.5123757432745043,0.5179240583100483,1.15,0.001,5,15,18,23,30,38,44,48,58,62,70,72,84,90,92,107,110,118,123
203,0.6563390313390314,0.655448717948718,0.5146783549926018,0.5155944222589707,1.15,0.001,5,15,18,23,30,38,44,48,58,62,70,72,84,90,92,107,110,118,123
204,0.6577635327635327,0.657051282051282,0.5167439951346461,0.5177865327184814,1.16,0.001,5,15,18,23,29,38,44,48,58,62,70,72,84,90,92,107,110,118,123
205,0.6590099715099715,0.6586538461538461,0.5185754836463952,0.520284122080097,1.16,0.001,5,15,18,23,29,38,44,48,57,62,70,72,84,90,92,107,110,118,123
206,0.6590099715099715,0.6634615384615384,0.5186947585290658,0.5271755014559272,1.17,0.001,5,15,18,23,29,38,44,48,57,62,70,72,84,90,92,107,110,118,123
207,0.6613247863247863,0.6650641025641025,0.522217345727066,0.5295916895108932,1.17,0.001,5,15,18,23,29,38,44,48,57,62,70,72,84,90,92,107,110,118,123
208,0.6639957264957265,0.6666666666666666,0.5258600934106521,0.5317833372413918,1.18,0.001,5,15,18,23,29,38,44,48,57,62,70,72,84,90,92,107,110,118,123
209,0.6648860398860399,0.6682692307692307,0.5270114832708466,0.5338712704072058,1.18,0.001,5,15,18,23,29,38,44,48,57,62,70,72,84,90,92,107,110,118,123
210,0.6657763532763533,0.6666666666666666,0.5284306319100716,0.531857644211521,1.19,0.001,5,15,18,23,29,38,44,48,57,62,70,72,84,90,92,107,110,118,123
211,0.6663105413105413,0.6682692307692307,0.5293045737770046,0.5341822548712012,1.2,0.001,5,15,18,23,29,38,44,48,57,62,70,72,84,90,92,107,110,118,123
212,0.6661324786324786,0.6666666666666666,0.5289617825624962,0.5320956054652295,1.2,0.001,5,15,18,23,29,38,44,48,57,62,70,72,84,90,92,107,110,118,123
213,0.6666666666666666,0.6666666666666666,0.5296167163202519,0.5318424469773482,1.21,0.001,5,15,18,23,29,38,44,48,57,62,70,72,84,90,91,107,110,118,123
214,0.6686253561253561,0.6762820512820513,0.5325001570055894,0.5454486444381936,1.21,0.001,5,15,18,23,29,38,44,48,57,62,70,72,84,90,91,107,110,118,124
215,0.6691595441595442,0.6762820512820513,0.5331561379031906,0.5454486444381936,1.22,0.001,5,15,18,23,29,38,44,48,57,62,70,72,84,90,91,107,110,118,124
216,0.6707621082621082,0.6762820512820513,0.5352334455193082,0.5454486444381936,1.22,0.001,5,15,18,23,29,38,44,48,57,62,70,72,84,91,90,107,110,118,124
217,0.6714743589743589,0.6762820512820513,0.5363746631379036,0.5455502516548651,1.23,0.001,5,15,18,23,29,38,44,48,57,62,70,72,84,91,90,107,110,118,124
218,0.6732549857549858,0.6778846153846154,0.5391404350362317,0.5479287637460668,1.23,0.001,5,15,18,23,29,38,44,48,57,62,70,72,84,91,90,107,110,118,124
219,0.6728988603988604,0.6810897435897436,0.5386442015921497,0.5518842901839361,1.24,0.001,5,15,18,23,29,38,44,48,57,63,70,72,84,91,90,107,110,118,124
220,0.6746794871794872,0.6842948717948718,0.5411287417787909,0.5564023730134673,1.25,0.001,5,15,18,23,29,38,44,48,57,63,70,72,83,91,90,107,110,118,124
221,0.6766381766381766,0.6826923076923077,0.5440505644816687,0.5543500216418987,1.25,0.001,5,15,18,23,29,38,44,48,57,62,70,72,83,91,90,107,110,118,124
222,0.6780626780626781,0.6858974358974359,0.546113716981671,0.5591600164363416,1.26,0.001,5,15,18,23,29,38,44,48,57,62,70,72,83,91,90,107,110,118,124
223,0.6785968660968661,0.6891025641025641,0.5468035592145915,0.5636159145227049,1.26,0.001,5,15,18,23,29,38,44,48,57,62,70,72,83,91,90,107,110,118,124
224,0.6787749287749287,0.6907051282051282,0.5471003780189504,0.5663061914587902,1.27,0.001,5,15,18,23,29,38,44,48,57,62,70,72,83,91,90,107,110,118,124
225,0.6798433048433048,0.6891025641025641,0.5487660112694455,0.564363419136831,1.27,0.001,5,15,18,23,29,38,44,48,57,62,70,72,83,91,90,107,110,118,124
226,0.6803774928774928,0.6891025641025641,0.5495090401447259,0.5644605947219774,1.28,0.001,5,15,18,23,29,38,44,48,57,62,70,71,83,91,90,107,110,118,124
227,0.6814458689458689,0.6891025641025641,0.5508904256611666,0.5642803153007234,1.28,0.001,5,15,18,23,29,38,44,48,57,62,70,71,83,91,90,107,110,118,124
228,0.6821581196581197,0.6907051282051282,0.552037696799818,0.5663467943755289,1.29,0.001,5,15,18,23,29,38,44,48,57,62,70,71,83,91,90,107,110,118,124
229,0.6834045584045584,0.6987179487179487,0.5538127551688625,0.5777288238089067,1.3,0.001,5,15,18,23,28,38,44,48,57,62,70,71,83,91,90,107,110,118,124
230,0.6835826210826211,0.6987179487179487,0.5540149984298336,0.5777288238089067,1.3,0.001,5,15,18,23,28,38,44,48,57,62,70,71,83,91,90,107,110,118,124
231,0.6830484330484331,0.6987179487179487,0.5534208903839865,0.5777288238089067,1.31,0.001,5,15,18,23,28,38,44,48,57,62,70,71,83,91,90,107,110,118,124
232,0.6844729344729344,0.7003205128205128,0.5552603600354484,0.5801351477774019,1.31,0.001,5,15,18,23,28,38,44,48,57,62,70,71,83,91,90,107,110,118,124
233,0.6846509971509972,0.6987179487179487,0.5557142038404033,0.577675617491729,1.32,0.001,5,15,18,23,28,38,44,48,57,62,70,71,83,91,90,107,110,118,124
234,0.6846509971509972,0.6987179487179487,0.555761730605498,0.5777029824150903,1.32,0.001,5,15,18,23,28,38,44,48,57,62,70,71,83,91,90,107,110,118,124
235,0.6853632478632479,0.7019230769230769,0.5567792069972226,0.5819291256330641,1.33,0.001,5,15,18,23,28,38,44,48,57,62,70,71,83,91,90,107,110,118,124
236,0.6857193732193733,0.7035256410256411,0.5573036892386447,0.5841109037589975,1.33,0.001,5,15,18,23,28,38,44,48,57,62,70,71,83,91,90,107,110,118,124
237,0.6864316239316239,0.7019230769230769,0.5584282726608669,0.5819426784858821,1.34,0.001,5,15,18,23,28,38,44,48,57,62,70,71,83,91,90,107,110,118,124
238,0.6867877492877493,0.6987179487179487,0.5588869362839276,0.577420040416557,1.35,0.001,5,15,18,23,28,38,44,48,57,62,70,71,83,91,90,107,110,118,124
239,0.688034188034188,0.7003205128205128,0.5604863937139646,0.5796814327601236,1.35,0.001,5,15,18,23,28,38,44,48,57,62,70,71,83,91,90,107,110,118,124
240,0.6876780626780626,0.6987179487179487,0.5599822089308861,0.5775007022927157,1.36,0.001,5,15,18,23,28,38,44,48,57,62,70,71,83,91,90,107,110,118,124
241,0.688034188034188,0.6987179487179487,0.560596388695692,0.5775007022927157,1.36,0.001,5,15,18,23,28,38,44,48,57,62,71,83,91,90,107,110,118,124
242,0.6892806267806267,0.7003205128205128,0.562111054815609,0.5794405659935342,1.37,0.001,5,15,18,23,28,38,44,48,57,62,71,83,91,90,107,110,118,124
243,0.6896367521367521,0.7003205128205128,0.5630231813569185,0.579587542694087,1.38,0.001,5,15,18,23,28,38,44,48,57,62,71,83,91,90,107,110,118,124
244,0.6898148148148148,0.7035256410256411,0.5633378613505478,0.5839250315372139,1.38,0.001,5,15,18,23,28,38,44,48,57,62,71,83,91,90,107,110,118,124
245,0.6907051282051282,0.7051282051282052,0.5644680268371851,0.5862262825017568,1.39,0.001,5,15,18,23,28,38,44,48,57,62,71,83,91,90,107,110,118,124
246,0.6917735042735043,0.7019230769230769,0.56614843341331,0.5818749054333494,1.39,0.001,5,15,18,23,28,38,44,48,57,62,71,83,91,90,107,110,118,124
247,0.6930199430199431,0.7035256410256411,0.5676955235516359,0.5840569579661163,1.4,0.001,5,15,18,23,28,38,44,48,57,62,71,83,91,90,107,110,118,124
248,0.6935541310541311,0.7051282051282052,0.5683460293194544,0.5860950190521166,1.4,0.001,5,15,18,23,28,38,44,48,57,62,71,83,91,90,107,110,118,124
249,0.6940883190883191,0.7051282051282052,0.5690661050638894,0.5860950190521166,1.41,0.001,5,15,18,23,28,38,44,48,57,62,71,83,91,90,107,109,118,124
250,0.6944444444444444,0.7051282051282052,0.569550509628778,0.5860950190521166,1.42,0.001,5,15,18,23,28,38,44,48,57,62,71,83,91,90,107,109,118,124
251,0.6951566951566952,0.7067307692307693,0.5706120393524527,0.5882391120919064,1.42,0.001,5,15,18,23,28,38,44,48,57,62,71,83,91,90,107,109,118,124
252,0.6956908831908832,0.7051282051282052,0.5714655220796916,0.5860815896866483,1.43,0.001,5,15,18,23,28,38,44,48,57,62,71,83,91,90,107,109,118,124
253,0.6956908831908832,0.7051282051282052,0.5715992068437401,0.5860815896866483,1.43,0.001,5,15,18,23,28,38,44,48,57,62,71,83,91,90,107,109,118,124
254,0.6960470085470085,0.7051282051282052,0.5720442980582179,0.5860815896866483,1.44,0.001,5,15,18,23,28,38,44,48,57,62,71,83,91,90,107,109,118,124
255,0.6969373219373219,0.7035256410256411,0.5731744543551296,0.5838455354600085,1.44,0.001,5,15,18,23,28,38,44,48,57,62,71,83,91,90,107,109,118,124
256,0.6967592592592593,0.7067307692307693,0.5731464398944868,0.5882005048683736,1.45,0.001,5,15,18,23,28,38,44,48,57,62,71,83,91,90,107,109,118,124
257,0.6972934472934473,0.7035256410256411,0.573555719939848,0.5833288215612176,1.46,0.001,5,15,18,23,28,38,44,48,57,62,71,83,91,90,107,109,118,124
258,0.6981837606837606,0.7051282051282052,0.5750354155011055,0.5858710824643729,1.46,0.001,5,15,18,23,28,38,44,48,57,62,71,83,91,90,107,109,118,124
259,0.6983618233618234,0.7051282051282052,0.5754393354230447,0.5858053484269651,1.47,0.001,5,15,18,23,28,38,44,48,57,62,71,83,91,90,107,109,118,124
260,0.6983618233618234,0.7067307692307693,0.5753306090105135,0.5881217831031536,1.47,0.001,5,15,18,23,28,38,44,48,57,62,71,83,91,90,107,109,118,124
261,0.6990740740740741,0.7115384615384616,0.5765400707809999,0.5948607333770983,1.48,0.001,5,15,18,23,28,38,44,48,57,62,71,83,91,90,107,109,118,124
262,0.7003205128205128,0.7083333333333334,0.5783033601248386,0.5901640527451589,1.48,0.001,6,15,18,23,28,38,44,48,57,62,71,83,91,90,107,109,118,124
263,0.7012108262108262,0.7099358974358975,0.5796393122403174,0.5925452931881643,1.49,0.001,6,15,18,23,28,38,44,48,58,62,71,83,91,90,107,109,118,124
264,0.7021011396011396,0.7099358974358975,0.580904645267377,0.5925452931881643,1.49,0.001,6,15,18,23,28,38,44,48,58,62,71,83,91,90,107,109,118,124
265,0.7021011396011396,0.7067307692307693,0.5808646549475569,0.5879122068811213,1.5,0.001,6,15,18,23,28,38,44,48,58,62,71,84,91,90,107,109,118,124
266,0.7019230769230769,0.7067307692307693,0.5807757258689893,0.588056406315949,1.51,0.001,6,15,18,23,28,38,44,48,58,62,71,84,91,90,107,109,118,124
267,0.7024572649572649,0.7083333333333334,0.5814596100238797,0.5905172258378554,1.51,0.001,6,15,18,23,28,38,44,48,58,62,71,84,91,90,107,109,118,124
268,0.7029914529914529,0.7115384615384616,0.5823852526502242,0.5951454945878825,1.52,0.001,6,15,18,23,28,38,44,48,58,62,71,84,91,90,107,109,118,124
269,0.7026353276353277,0.7131410256410257,0.5818547264934393,0.597381625237903,1.52,0.001,6,15,18,23,28,38,44,48,58,62,71,84,91,90,107,109,118,124
270,0.7026353276353277,0.7147435897435898,0.5820165205337229,0.5995543874449745,1.53,0.001,6,15,18,23,28,38,44,48,58,62,71,84,91,90,107,109,118,124
271,0.7040598290598291,0.7147435897435898,0.5838860912052495,0.5994778557468321,1.53,0.001,6,15,18,23,28,38,44,48,58,62,71,84,91,90,107,109,118,124
272,0.7037037037037037,0.7147435897435898,0.5833366661855767,0.5994778557468321,1.54,0.001,6,15,18,23,28,38,44,48,58,62,71,84,91,90,107,109,118,124
273,0.7049501424501424,0.7115384615384616,0.5851627016292698,0.5952228220522838,1.54,0.001,6,15,18,23,28,38,44,48,58,62,71,84,91,90,107,109,118,124
274,0.7060185185185185,0.7147435897435898,0.5865726778072178,0.5996308899013785,1.55,0.001,6,15,18,23,28,38,44,48,58,62,71,84,91,90,107,109,118,124
275,0.7067307692307693,0.7115384615384616,0.5879655707846403,0.5951965632072888,1.56,0.001,6,15,18,23,28,38,44,48,58,62,71,84,91,90,107,109,118,124
276,0.707977207977208,0.7131410256410257,0.5894540674814729,0.5970998809652635,1.56,0.001,6,15,18,23,28,38,44,48,58,62,71,84,91,90,107,109,118,124
277,0.7086894586894587,0.7147435897435898,0.5909706301471878,0.5999236385510055,1.57,0.001,6,15,18,23,28,38,44,48,58,62,71,84,91,90,107,109,118,124
278,0.7081552706552706,0.7163461538461539,0.5896109593731692,0.601753829290103,1.57,0.001,6,15,18,23,28,38,44,48,58,62,71,84,91,90,107,109,118,124
279,0.7086894586894587,0.7115384615384616,0.5909713221079202,0.5957240038872691,1.58,0.001,6,15,18,23,28,38,44,48,58,62,71,84,91,90,107,109,118,124
280,0.7099358974358975,0.7131410256410257,0.5922073293225949,0.5971129602977936,1.58,0.001,6,15,18,23,28,38,44,48,58,62,71,84,91,90,107,109,118,124
281,0.7104700854700855,0.7099358974358975,0.5936486373373842,0.5937485387479093,1.59,0.001,6,15,18,23,28,38,44,48,58,62,71,84,91,90,107,109,118,124
282,0.7118945868945868,0.7115384615384616,0.5949619687119999,0.5954939641015298,1.59,0.001,6,15,18,23,28,38,44,47,58,62,71,84,91,90,107,109,118,125
283,0.7104700854700855,0.7099358974358975,0.593736119178597,0.5937485387479093,1.6,0.001,6,15,18,23,28,38,44,47,58,62,71,84,91,90,107,109,118,125
284,0.7111823361823362,0.7147435897435898,0.5939488195046811,0.5999250796029219,1.61,0.001,6,15,18,23,28,38,44,47,58,62,71,84,91,90,107,109,118,125
285,0.7106481481481481,0.7131410256410257,0.5938706961908934,0.5981102951494457,1.61,0.001,6,15,18,23,28,38,44,47,58,62,71,84,91,90,107,109,118,125
286,0.7111823361823362,0.7147435897435898,0.5944376418988211,0.6002044474519657,1.62,0.001,6,15,18,23,28,38,44,47,58,62,71,84,91,90,107,109,118,125
287,0.7115384615384616,0.7147435897435898,0.59494704235503,0.6003569269738924,1.62,0.001,6,15,18,23,28,38,44,47,58,62,71,84,91,90,107,109,118,125
288,0.7126068376068376,0.7115384615384616,0.5967279176619197,0.5962123336425013,1.63,0.001,6,15,18,23,28,38,44,47,58,62,71,84,91,90,107,109,118,125
289,0.7133190883190883,0.717948717948718,0.5971915100934673,0.6046211060269504,1.64,0.001,6,15,18,23,28,38,44,47,58,62,71,84,91,90,107,109,118,125
290,0.7133190883190883,0.7147435897435898,0.5978326330874837,0.6006988632686957,1.64,0.001,6,15,18,23,28,38,44,47,58,62,71,84,91,90,107,109,118,125
291,0.7126068376068376,0.7211538461538461,0.5962552621039917,0.6092884671438288,1.65,0.001,6,15,18,23,28,38,44,47,58,62,71,84,91,90,107,109,118,125
292,0.7115384615384616,0.7211538461538461,0.5950595044771956,0.6093376701879623,1.65,0.001,6,15,18,23,28,38,44,47,58,62,71,84,91,90,107,109,118,125
293,0.7138532763532763,0.719551282051282,0.598440018812323,0.6073171345658013,1.66,0.001,6,15,18,23,28,38,44,47,58,62,71,84,91,90,107,109,118,125
294,0.7150997150997151,0.7227564102564102,0.5999113229378965,0.6114472467075309,1.66,0.001,6,15,18,23,28,38,44,47,58,62,71,84,91,90,107,109,118,125
295,0.7163461538461539,0.7163461538461539,0.6022098032518146,0.6031062127849189,1.67,0.001,6,15,18,23,28,38,44,47,58,62,71,84,91,90,107,109,118,125
296,0.7163461538461539,0.7211538461538461,0.6015571283927236,0.6094247994532178,1.68,0.001,6,15,18,23,28,38,44,47,58,62,71,84,91,90,107,109,118,125
297,0.7174145299145299,0.7163461538461539,0.6037724650913252,0.6031062127849189,1.68,0.001,6,15,18,23,28,38,44,47,58,62,71,84,91,90,107,109,118,125
298,0.7175925925925926,0.7211538461538461,0.6034291560364661,0.6094992501159893,1.69,0.001,6,15,18,23,28,38,44,47,58,62,71,84,91,90,107,109,118,125
299,0.7175925925925926,0.7211538461538461,0.6038817469755933,0.6094992501159893,1.69,0.001,6,15,18,23,28,38,44,47,58,62,71,84,91,90,107,109,118,125
300,0.718482905982906,0.7227564102564102,0.6049190842202772,0.6118300641843908,1.7,0.001,6,15,18,23,28,38,44,47,58,62,71,84,91,90,107,109,118,125
301,0.7188390313390314,0.7227564102564102,0.6053860876949175,0.6118300641843908,1.7,0.001,6,15,18,23,28,38,44,47,58,62,71,84,91,90,107,109,118,125
302,0.7188390313390314,0.7227564102564102,0.6057395786348816,0.6118300641843908,1.71,0.001,6,15,18,23,28,38,44,47,58,62,71,84,91,90,107,109,118,125
303,0.7193732193732194,0.7211538461538461,0.6060238869064296,0.6093264248704663,1.71,0.001,6,15,18,23,28,38,44,47,58,62,71,84,91,90,107,109,118,125
304,0.7188390313390314,0.7227564102564102,0.6058601412743583,0.6118300641843908,1.72,0.001,6,15,18,23,28,38,44,47,58,62,71,84,91,90,107,109,118,125
305,0.7204415954415955,0.7211538461538461,0.6076751699628415,0.6093264248704663,1.73,0.001,6,15,18,23,28,38,44,47,58,62,71,84,91,90,107,109,118,125
306,0.7199074074074074,0.7243589743589743,0.6072994381525492,0.6140127525974517,1.73,0.001,6,15,18,23,28,38,44,47,58,62,71,84,91,90,107,109,118,125
307,0.7211538461538461,0.7227564102564102,0.608878341952874,0.611707197761288,1.74,0.001,6,15,18,23,28,38,44,47,58,62,71,84,91,90,107,109,118,125
308,0.7215099715099715,0.7211538461538461,0.6094493314649345,0.6095498041923338,1.74,0.001,6,15,18,23,28,38,44,47,58,62,71,84,91,90,107,109,118,125
309,0.7225783475783476,0.7243589743589743,0.611101075972322,0.6140127525974517,1.75,0.001,6,15,18,23,28,38,44,47,58,62,71,84,91,90,107,109,118,125
310,0.7225783475783476,0.719551282051282,0.6109235432546852,0.6071066209010643,1.75,0.001,6,15,18,23,28,38,44,47,58,62,71,84,91,90,107,109,118,125
311,0.7234686609686609,0.7211538461538461,0.6124836830695943,0.6096733257359788,1.76,0.001,6,15,18,23,28,38,44,47,58,62,71,84,91,90,107,109,118,125
312,0.7232905982905983,0.719551282051282,0.6118561268415985,0.6069072020216202,1.77,0.001,6,15,18,23,28,38,44,47,58,62,71,84,91,90,107,109,118,125
313,0.7238247863247863,0.7211538461538461,0.6130859025541863,0.6096733257359788,1.77,0.001,6,15,18,23,28,38,44,47,58,62,71,84,91,90,107,109,118,125
314,0.7241809116809117,0.717948717948718,0.6131809698489414,0.6047989521184337,1.78,0.001,6,15,18,23,28,38,44,47,58,62,71,84,91,90,107,109,118,125
315,0.7256054131054132,0.719551282051282,0.61549116884339,0.6073185466471045,1.78,0.001,6,15,18,23,28,38,44,47,58,62,71,84,91,90,107,109,118,125
316,0.7252492877492878,0.7211538461538461,0.6149019786301966,0.6095371669004208,1.79,0.001,6,15,18,23,28,38,44,47,58,62,71,83,91,90,107,109,118,125
317,0.7256054131054132,0.717948717948718,0.6154046715084663,0.6051385488237642,1.79,0.001,6,15,18,23,28,38,44,47,58,62,71,83,91,90,107,109,118,125
318,0.7254273504273504,0.7211538461538461,0.6152096798323925,0.609562440666264,1.8,0.001,6,15,18,23,28,38,44,47,58,62,71,83,91,90,107,109,118,125
319,0.7263176638176638,0.7211538461538461,0.6163365623709904,0.6095638446684335,1.8,0.001,6,15,18,23,28,38,44,47,58,62,71,83,91,90,107,109,118,125
320,0.7252492877492878,0.7211538461538461,0.6149498061015977,0.6094627306963243,1.81,0.001,6,15,18,23,28,38,44,47,58,62,71,83,91,90,107,109,118,125
321,0.7263176638176638,0.7227564102564102,0.6165091800327085,0.6117211637718638,1.82,0.001,6,15,18,23,28,38,44,47,58,62,71,83,91,90,107,109,118,125
322,0.7263176638176638,0.7243589743589743,0.6164100124731966,0.6138294312576233,1.82,0.001,6,15,18,23,28,38,44,47,58,62,71,83,91,90,107,109,118,125
323,0.7261396011396012,0.7243589743589743,0.6165086791392618,0.6143941135893309,1.83,0.001,6,15,18,23,28,38,44,47,58,62,71,83,91,90,107,109,118,125
324,0.7273860398860399,0.7243589743589743,0.6177649555460005,0.613854439875228,1.83,0.001,6,15,18,23,28,38,44,47,58,62,71,83,91,90,107,109,118,125
325,0.7259615384615384,0.7275641025641025,0.6164281379690354,0.6192404190939731,1.84,0.001,6,15,18,23,28,38,44,47,58,62,71,83,91,90,107,109,118,125
326,0.7288105413105413,0.7243589743589743,0.6195516286277662,0.613854439875228,1.84,0.001,6,15,18,23,28,38,44,47,58,62,71,83,91,90,107,109,118,125
327,0.7268518518518519,0.7275641025641025,0.6178255315852949,0.6192404190939731,1.85,0.001,6,15,18,23,28,38,44,47,58,62,71,83,91,90,107,109,118,125
328,0.729522792022792,0.7275641025641025,0.6205846401586776,0.6186723990423674,1.85,0.001,6,15,18,23,28,38,44,47,58,62,71,83,91,90,107,109,118,125
329,0.7277421652421653,0.7291666666666666,0.618792296934206,0.6211565473859673,1.86,0.001,6,15,18,23,28,38,44,47,58,62,71,83,91,90,107,109,118,125
330,0.7282763532763533,0.7307692307692307,0.6191960047381349,0.6233143251371716,1.87,0.001,6,15,18,23,28,38,44,47,58,62,71,83,91,90,107,109,118,125
331,0.728988603988604,0.7307692307692307,0.6201608295254846,0.6233143251371716,1.87,0.001,6,15,18,23,28,38,44,47,58,62,71,83,91,90,107,109,118,125
332,0.7286324786324786,0.7307692307692307,0.6200009652281231,0.6234820867379007,1.88,0.001,6,15,18,23,28,38,44,47,58,62,71,83,91,90,107,109,118,125
333,0.7302350427350427,0.7307692307692307,0.6216541987573017,0.6233143251371716,1.88,0.001,6,15,18,23,28,38,44,47,58,62,71,83,91,90,107,109,118,125
334,0.7286324786324786,0.7339743589743589,0.6202328906583896,0.6282114784106816,1.89,0.001,6,15,18,23,28,38,44,47,58,62,71,83,91,90,107,109,118,125
335,0.7314814814814815,0.7323717948717948,0.6233219135462846,0.6254609495740934,1.89,0.001,6,15,18,23,28,38,44,47,58,62,71,83,91,90,107,109,118,125
336,0.729522792022792,0.7339743589743589,0.6214837331970727,0.6282114784106816,1.9,0.001,6,15,18,23,28,38,44,47,58,62,71,83,91,90,107,109,118,125
337,0.7318376068376068,0.7323717948717948,0.6239742838604478,0.625520170766942,1.91,0.001,6,15,18,23,28,38,44,47,58,62,71,83,91,90,107,109,118,125
338,0.7307692307692307,0.7371794871794872,0.6230964162833297,0.6327145871915242,1.91,0.001,6,15,18,23,28,38,44,47,58,62,71,83,91,90,107,109,118,125
339,0.7329059829059829,0.7307692307692307,0.6257788112000351,0.6233373335537047,1.92,0.001,6,15,18,23,28,38,44,47,58,62,71,83,91,90,107,109,118,125
340,0.7330840455840456,0.7371794871794872,0.6258611068495139,0.632423035340347,1.92,0.001,6,15,18,23,28,38,44,47,58,62,71,83,91,90,107,109,118,125
341,0.7323717948717948,0.7323717948717948,0.6254347227599031,0.6258643593149751,1.93,0.001,6,15,18,23,28,38,44,47,58,62,71,83,91,90,107,109,118,125
342,0.7330840455840456,0.7387820512820513,0.6256937721583914,0.6346066107923827,1.93,0.001,6,15,18,23,28,38,44,47,58,62,71,83,91,90,107,109,118,125
343,0.7332621082621082,0.7307692307692307,0.6268095059070902,0.6237550560426663,1.94,0.001,6,15,18,23,28,38,44,47,59,62,71,83,91,90,107,109,118,125
344,0.7336182336182336,0.7355769230769231,0.6265217954704931,0.6298879167175919,1.95,0.001,6,15,18,23,28,38,44,47,59,62,71,83,91,90,107,109,118,125
345,0.7334401709401709,0.7307692307692307,0.6270180125703348,0.6234685631162115,1.95,0.001,6,15,18,23,28,38,44,47,59,62,71,83,91,90,107,109,118,125
346,0.7346866096866097,0.7371794871794872,0.6282684999374291,0.6321772979034652,1.96,0.001,6,15,18,23,28,38,44,47,59,62,71,83,91,90,107,109,118,125
347,0.7346866096866097,0.7355769230769231,0.6284541536827012,0.6301817123851052,1.96,0.001,6,15,18,23,28,38,44,47,59,62,71,83,91,90,107,109,118,125
348,0.7348646723646723,0.7387820512820513,0.6288085664533165,0.6344201192577124,1.97,0.001,6,15,18,23,28,38,44,47,59,62,71,83,91,90,107,109,118,125
349,0.7341524216524217,0.7387820512820513,0.6275969417664748,0.6348152031078335,1.97,0.001,6,15,18,23,28,38,44,47,59,62,71,83,91,90,107,109,118,125
350,0.7348646723646723,0.7387820512820513,0.628980587357424,0.6343728094613297,1.98,0.001,6,15,18,23,28,38,44,47,59,62,71,83,91,90,107,109,118,125
351,0.7346866096866097,0.7403846153846154,0.6284082526740752,0.6370673282327641,1.98,0.001,6,15,18,23,28,38,44,47,59,62,71,83,91,90,107,109,118,125
352,0.7352207977207977,0.7435897435897436,0.6295074711702322,0.6411821151710531,1.99,0.001,6,15,18,23,28,38,44,47,59,62,71,83,91,90,107,109,118,125
353,0.7350427350427351,0.7419871794871795,0.6290564065345421,0.639158669042009,2.0,0.001,6,15,18,23,28,38,44,47,59,62,71,83,91,90,107,109,118,125
354,0.7353988603988604,0.7403846153846154,0.6296233965568112,0.636674693598821,2.0,0.001,6,15,18,23,28,38,44,47,59,62,71,83,91,90,107,109,118,125
355,0.7370014245014245,0.7403846153846154,0.6320906156767789,0.6370556006347793,2.01,0.001,6,15,18,23,28,38,44,47,59,62,71,83,91,90,107,109,118,125
356,0.7364672364672364,0.7387820512820513,0.6308337956601492,0.6342689478112662,2.01,0.001,6,15,18,23,28,38,44,47,59,62,71,83,91,90,107,109,118,125
357,0.7386039886039886,0.7403846153846154,0.6345850588805451,0.6374005961540531,2.02,0.001,6,15,18,23,28,38,44,47,59,62,71,83,91,90,107,109,118,125
358,0.7371794871794872,0.7387820512820513,0.6315328536198943,0.6341413407479615,2.02,0.001,6,15,18,23,28,38,44,47,59,62,71,83,91,90,107,109,118,125
359,0.7382478632478633,0.7419871794871795,0.6342008909516306,0.6399810787953499,2.03,0.001,6,15,18,23,28,38,44,47,59,62,71,83,91,90,107,109,118,125
360,0.7380698005698005,0.7435897435897436,0.6328245289266483,0.6410234283988437,2.03,0.001,6,15,18,23,28,38,44,47,59,62,71,83,91,90,107,109,118,125
361,0.7391381766381766,0.7419871794871795,0.6352476053958123,0.6393296667001738,2.04,0.001,6,15,18,23,28,38,44,47,59,62,71,83,91,90,107,109,118,125
362,0.7384259259259259,0.7387820512820513,0.6339983874446766,0.6345133888146264,2.05,0.001,6,15,18,23,28,38,44,47,59,62,71,83,91,90,107,109,118,125
363,0.738960113960114,0.7435897435897436,0.6343544100919449,0.6412852508021141,2.05,0.001,6,15,18,23,28,38,44,47,59,62,71,83,91,90,107,109,118,125
364,0.74002849002849,0.7435897435897436,0.6365487127899891,0.6420466156841234,2.06,0.001,6,15,18,23,28,38,44,47,59,62,71,83,91,90,107,109,118,125
365,0.738960113960114,0.7419871794871795,0.6341771890922714,0.6386992828937431,2.06,0.001,6,15,18,23,28,38,44,47,59,62,71,83,91,90,107,109,118,125
366,0.7409188034188035,0.7403846153846154,0.637830974846182,0.6373771832592576,2.07,0.001,6,15,18,23,28,38,44,47,59,62,71,83,91,90,107,109,118,125
367,0.7407407407407407,0.7419871794871795,0.637149704342251,0.6389862118778366,2.07,0.001,6,15,18,23,28,38,44,47,59,62,71,83,91,90,107,109,118,125
368,0.7418091168091168,0.7419871794871795,0.6387524662978481,0.6389862118778366,2.08,0.001,6,15,18,23,28,38,44,47,59,62,71,83,91,90,107,109,118,125
369,0.7418091168091168,0.7419871794871795,0.6389489295761535,0.6393413197298937,2.08,0.001,6,15,18,23,28,38,44,47,59,62,71,83,91,90,107,109,118,125
370,0.7423433048433048,0.7419871794871795,0.6391770662956116,0.6386992828937431,2.09,0.001,6,15,18,23,28,38,44,47,59,62,71,83,91,90,107,109,118,125
371,0.7426994301994302,0.7435897435897436,0.6401839942816926,0.6418655704539096,2.1,0.001,6,15,18,23,28,38,44,47,59,62,71,83,91,90,107,109,118,125
372,0.7432336182336182,0.7435897435897436,0.6404786011153933,0.640818088608278,2.1,0.001,7,15,18,23,28,38,44,47,59,62,71,83,91,90,107,109,118,125
373,0.7430555555555556,0.7403846153846154,0.6405919723617439,0.6370777521280682,2.11,0.001,7,15,18,23,28,38,44,47,59,62,71,83,91,90,107,109,118,125
374,0.7435897435897436,0.7419871794871795,0.6412809387560872,0.6391923632210659,2.11,0.001,7,15,18,23,28,38,44,47,59,62,71,83,91,90,107,109,118,125
375,0.7437678062678063,0.7435897435897436,0.641278529699989,0.6409433867267013,2.12,0.001,7,15,18,23,28,38,44,47,59,62,71,83,91,90,107,109,118,125
376,0.7443019943019943,0.7435897435897436,0.6424226846383139,0.6418540081572915,2.12,0.001,7,15,18,23,28,38,44,47,59,62,71,83,91,90,107,109,118,125
377,0.7439458689458689,0.7451923076923077,0.6415012240121051,0.6429833431089265,2.13,0.001,7,15,18,23,28,38,44,47,59,62,71,83,91,90,107,109,118,125
378,0.7453703703703703,0.7419871794871795,0.643832536257578,0.6395470658304511,2.14,0.001,7,15,18,23,28,38,44,47,59,62,71,83,91,90,107,109,118,125
379,0.7446581196581197,0.7451923076923077,0.642652740791424,0.6431874905596593,2.14,0.001,7,15,18,23,28,38,44,47,59,62,71,83,91,90,107,109,118,125
380,0.7453703703703703,0.7467948717948718,0.6437113085928081,0.6455106355438582,2.15,0.001,7,15,18,23,28,38,44,47,59,62,71,83,91,90,107,109,118,125
381,0.7460826210826211,0.7419871794871795,0.6447881647151655,0.6393413197298937,2.15,0.001,7,15,18,23,28,38,44,47,59,62,71,83,91,90,107,109,118,125
382,0.7476851851851852,0.7467948717948718,0.6469713934872761,0.6455323019619545,2.16,0.001,7,15,18,23,28,38,44,47,59,62,71,83,91,90,107,109,118,125
383,0.7478632478632479,0.7451923076923077,0.6471374100843923,0.6435617954115982,2.16,0.001,7,15,18,23,28,38,44,47,59,62,71,83,91,90,107,109,118,125
384,0.7485754985754985,0.7483974358974359,0.6484223525719333,0.6478542646916101,2.17,0.001,7,15,18,23,28,38,44,47,59,62,71,83,91,90,106,109,118,125
385,0.7475071225071225,0.7483974358974359,0.646326968911634,0.6477213068774317,2.17,0.001,7,15,18,23,28,38,44,47,59,62,71,83,91,90,106,109,118,125
386,0.7471509971509972,0.7451923076923077,0.6467940328551103,0.6445081423887924,2.18,0.001,7,15,18,23,28,38,44,47,59,62,71,83,91,90,106,109,118,125
387,0.7496438746438746,0.7483974358974359,0.6488434031392378,0.6470931510106159,2.19,0.001,7,15,18,23,28,38,44,47,59,62,71,83,91,90,106,109,118,125
388,0.7480413105413105,0.7467948717948718,0.648649021478346,0.6468780555943567,2.19,0.001,7,15,18,23,28,38,44,47,59,62,71,83,91,90,106,109,118,125
389,0.7491096866096866,0.7483974358974359,0.6477699603294382,0.6467788690347424,2.2,0.001,7,15,18,23,28,38,44,47,59,62,71,83,91,90,106,109,118,125
390,0.7485754985754985,0.7467948717948718,0.6491647490783033,0.6466768443460125,2.2,0.001,7,15,18,23,28,38,44,47,59,62,71,83,91,90,106,109,118,125
391,0.7508903133903134,0.7516025641025641,0.6511365083492429,0.652296453941503,2.21,0.001,7,15,18,23,28,38,44,47,59,62,71,83,91,90,106,109,118,125
392,0.7514245014245015,0.75,0.6516419594819856,0.6496753854348107,2.22,0.001,7,15,18,23,28,38,44,47,59,62,71,83,91,90,106,109,118,125
393,0.7492877492877493,0.7483974358974359,0.650155536511372,0.6487683157241859,2.22,0.001,7,15,18,23,28,38,44,47,59,62,71,83,91,90,106,109,118,125
394,0.7524928774928775,0.7483974358974359,0.6527909483257086,0.6473738769868693,2.23,0.001,7,15,18,23,28,38,44,47,59,62,71,83,91,90,106,109,118,125
395,0.7508903133903134,0.75,0.6518681837543148,0.6508840512140013,2.23,0.001,7,15,18,23,28,38,44,47,59,62,71,83,91,90,106,109,118,125
396,0.7528490028490028,0.7532051282051282,0.6542713500084514,0.655119941428961,2.24,0.001,7,15,18,23,28,38,44,47,59,62,71,83,91,90,106,109,118,125
397,0.7535612535612536,0.7532051282051282,0.654464943383029,0.6542874102854677,2.24,0.001,7,15,18,23,28,38,44,47,59,62,71,83,91,90,106,109,118,125
398,0.750534188034188,0.7532051282051282,0.6517696862144982,0.6554797491816855,2.25,0.001,7,15,18,23,28,38,44,47,59,62,71,83,91,90,106,109,118,125
399,0.7549857549857549,0.7516025641025641,0.6566697110901771,0.6523626900916897,2.26,0.001,7,15,18,23,28,38,44,47,59,62,71,83,91,90,106,109,118,125
400,0.7540954415954416,0.7532051282051282,0.6560524502433938,0.6552288285185344,2.26,0.001,7,15,18,23,28,38,44,47,59,62,71,83,91,90,106,109,118,125
401,0.7526709401709402,0.7516025641025641,0.6543192588417839,0.6531219739626295,2.27,0.001,7,15,18,23,28,38,44,47,59,62,71,83,91,90,106,109,118,125
402,0.7560541310541311,0.7532051282051282,0.6581310665537401,0.654485049833887,2.27,0.001,7,15,18,23,28,38,44,47,59,62,71,83,91,90,106,109,118,125
403,0.7533831908831908,0.7532051282051282,0.6553727580028814,0.6554797491816855,2.28,0.001,7,15,18,23,28,38,44,47,59,62,71,83,91,90,106,109,118,125
404,0.7571225071225072,0.7532051282051282,0.6599630595735733,0.6548573398844928,2.28,0.001,7,15,18,23,28,38,44,47,59,62,71,83,91,90,106,109,118,125
405,0.7560541310541311,0.7564102564102564,0.6586280137627495,0.6597710715015945,2.29,0.001,7,15,18,23,28,38,44,47,59,62,71,83,91,90,106,109,118,125
406,0.7548076923076923,0.7516025641025641,0.6572296315273678,0.6531219739626295,2.29,0.001,7,15,18,23,28,38,44,47,59,62,71,83,91,90,106,109,118,125
407,0.7580128205128205,0.7548076923076923,0.6608856281046575,0.6568803976323194,2.3,0.001,7,15,18,23,28,38,44,47,59,62,71,83,91,90,106,108,118,125
408,0.7555199430199431,0.7564102564102564,0.6582649129794678,0.6599430657038987,2.31,0.001,7,15,18,23,28,38,44,47,59,62,71,83,91,90,106,108,118,125
409,0.7581908831908832,0.7532051282051282,0.6614409842728783,0.6552721167747051,2.31,0.001,7,15,18,23,28,38,44,47,59,62,71,83,91,90,106,108,118,125
410,0.7580128205128205,0.7548076923076923,0.6611362439694867,0.6572068707991039,2.32,0.001,7,15,18,23,28,38,44,47,59,62,71,83,91,90,106,108,118,125
411,0.7573005698005698,0.7548076923076923,0.6607629152465695,0.6576297443841983,2.32,0.001,7,15,18,23,28,38,44,47,59,62,71,83,91,90,106,108,118,125
412,0.7592592592592593,0.7532051282051282,0.66269581001442,0.6547693037258445,2.33,0.001,7,15,18,23,28,38,44,47,59,62,71,83,91,90,106,108,118,125
413,0.7587250712250713,0.7532051282051282,0.6626392403149672,0.6552721167747051,2.33,0.001,7,15,18,23,28,38,44,47,59,62,71,83,91,90,106,108,118,125
414,0.7594373219373219,0.7548076923076923,0.6633143427379278,0.6574454801834191,2.34,0.001,7,15,18,23,28,38,44,47,59,62,71,83,91,90,106,108,118,125
415,0.7597934472934473,0.7564102564102564,0.6636758794632405,0.6595011416016887,2.34,0.001,7,15,18,23,28,38,44,47,59,62,71,83,91,90,106,108,118,125
416,0.7592592592592593,0.7564102564102564,0.6634275860375343,0.6597381165919283,2.35,0.001,7,15,18,23,28,38,44,47,59,62,71,83,91,90,106,108,118,125
417,0.7603276353276354,0.7564102564102564,0.6642313699624451,0.6595121425879058,2.36,0.001,7,15,18,23,28,38,44,47,59,62,71,83,91,90,106,108,118,125
418,0.7592592592592593,0.7580128205128205,0.6634230355392445,0.6617946877243359,2.36,0.001,7,15,18,23,28,38,44,47,59,62,71,83,91,90,106,108,118,125
419,0.7608618233618234,0.7564102564102564,0.6652498247422063,0.6594901399045763,2.37,0.001,7,15,18,23,28,38,44,47,59,62,71,83,91,90,106,108,118,125
420,0.7608618233618234,0.7564102564102564,0.6653936257213482,0.6595011416016887,2.37,0.001,7,15,18,23,28,39,44,47,59,62,71,83,91,90,106,108,118,125
421,0.7606837606837606,0.7564102564102564,0.6652393030555551,0.6595011416016887,2.38,0.001,7,14,18,23,28,39,44,47,59,62,71,83,91,90,106,108,118,125
422,0.7619301994301995,0.7564102564102564,0.6667097672660847,0.6595011416016887,2.38,0.001,7,14,18,23,28,39,44,47,59,62,71,83,91,90,106,108,118,125
423,0.7606837606837606,0.7564102564102564,0.6653249787666218,0.6595011416016887,2.39,0.001,7,14,18,23,28,39,44,47,59,62,71,83,91,90,106,108,118,125
424,0.7626424501424501,0.7564102564102564,0.6676503651055365,0.6594473487677371,2.4,0.001,7,14,18,23,28,39,44,47,59,62,71,83,91,90,106,108,118,125
425,0.7613960113960114,0.7564102564102564,0.6663742606188637,0.6595011416016887,2.4,0.001,7,14,18,23,28,39,44,47,59,62,71,83,91,90,106,108,118,125
426,0.7628205128205128,0.7564102564102564,0.6678428576205064,0.6594473487677371,2.41,0.001,7,14,18,23,28,39,44,47,59,62,71,83,91,90,106,108,118,125
427,0.7621082621082621,0.7564102564102564,0.6672056535921346,0.6595011416016887,2.41,0.001,7,14,18,23,28,39,44,47,59,62,71,83,91,90,106,108,118,125
428,0.7633547008547008,0.7564102564102564,0.6687614836407894,0.6594473487677371,2.42,0.001,7,14,18,23,28,39,44,47,59,62,71,83,91,90,106,108,118,125
429,0.7629985754985755,0.7564102564102564,0.6683199722476465,0.6594473487677371,2.42,0.001,7,14,18,23,28,39,44,47,59,62,71,83,91,90,106,108,118,125
430,0.7638888888888888,0.7564102564102564,0.6695127938144687,0.6594473487677371,2.43,0.001,7,14,18,23,28,39,44,47,59,62,71,83,91,90,106,108,118,125
431,0.7640669515669516,0.7564102564102564,0.6696199683943007,0.6594473487677371,2.43,0.001,7,14,18,23,28,39,44,47,59,62,71,83,91,90,106,108,118,125
432,0.7651353276353277,0.7564102564102564,0.6713290951707078,0.6594473487677371,2.44,0.001,7,14,18,23,28,39,44,47,59,62,71,83,91,90,106,108,118,125
433,0.7653133903133903,0.7596153846153846,0.6713097275497417,0.6637786111470322,2.45,0.001,7,14,18,23,28,39,44,47,59,62,71,83,91,90,106,108,118,125
434,0.7653133903133903,0.7548076923076923,0.6716954238386615,0.6572831635400289,2.45,0.001,7,14,18,23,28,39,44,47,59,62,71,83,91,90,106,108,118,125
435,0.7662037037037037,0.7596153846153846,0.6724097740648142,0.6637037143493602,2.46,0.001,7,14,18,23,28,39,44,47,59,62,71,83,91,90,106,108,118,125
436,0.7656695156695157,0.7580128205128205,0.6725157952793022,0.661902694401286,2.46,0.001,7,14,18,23,28,39,44,47,59,62,71,83,91,90,106,108,118,125
437,0.7672720797720798,0.7644230769230769,0.6736326651190095,0.670020612919588,2.47,0.001,7,14,18,23,28,39,44,47,59,62,71,83,91,90,106,108,118,125
438,0.7640669515669516,0.7580128205128205,0.6705668099647032,0.6623630714984466,2.48,0.001,7,14,18,23,28,39,44,47,59,62,71,83,91,90,106,108,118,125
439,0.7688746438746439,0.7644230769230769,0.6756702933088685,0.670020612919588,2.48,0.001,7,14,18,23,28,39,44,47,59,62,71,83,91,90,106,108,118,125
440,0.7656695156695157,0.7596153846153846,0.6726414559473863,0.6643753832252235,2.49,0.001,7,14,18,23,28,39,44,47,59,62,71,83,91,90,106,108,118,125
441,0.7676282051282052,0.7628205128205128,0.6744368507093275,0.6682198503339285,2.49,0.001,7,14,18,23,28,39,44,47,59,62,71,83,91,90,106,108,118,126
442,0.7697649572649573,0.7644230769230769,0.6776086196360583,0.6703763462112038,2.5,0.001,7,14,18,23,28,39,44,47,59,62,71,83,91,90,106,108,118,126
443,0.7683404558404558,0.7612179487179487,0.6760413495971476,0.6661699812935123,2.5,0.001,7,14,18,23,28,39,44,47,59,62,71,83,91,90,106,108,118,126
444,0.7701210826210826,0.7660256410256411,0.6780138284846888,0.6724315228568758,2.51,0.001,7,14,18,23,28,39,44,47,59,62,71,83,91,90,106,108,118,126
445,0.7706552706552706,0.7660256410256411,0.6788722940090619,0.672578680093586,2.52,0.001,7,14,18,23,28,39,44,47,59,62,71,83,91,90,106,108,118,126
446,0.7679843304843305,0.7628205128205128,0.6757779885996675,0.6685568268278328,2.52,0.001,7,14,18,23,28,39,44,47,59,62,71,83,91,90,106,108,118,126
447,0.7706552706552706,0.7676282051282052,0.6782720165415699,0.6743660430867565,2.53,0.001,7,14,18,23,28,39,44,47,59,62,71,83,91,90,106,108,118,126
448,0.7683404558404558,0.7660256410256411,0.6764323816502347,0.673107353146966,2.53,0.001,7,14,18,23,28,39,44,47,59,62,71,83,91,90,106,108,118,126
449,0.7713675213675214,0.7676282051282052,0.6794906942682837,0.6744281442620119,2.54,0.001,7,14,18,23,28,39,44,47,59,62,71,83,91,90,106,108,118,126
450,0.7722578347578347,0.7660256410256411,0.6812824694362827,0.6724315228568758,2.54,0.001,7,14,18,23,28,39,44,47,59,62,71,83,91,90,106,108,118,126
451,0.76994301994302,0.7628205128205128,0.6779222457915643,0.6682103145377141,2.55,0.001,7,14,18,23,28,39,44,47,59,62,71,83,91,90,106,108,118,126
452,0.7722578347578347,0.7660256410256411,0.6811691933032811,0.6724315228568758,2.55,0.001,7,14,19,23,28,39,44,47,59,62,71,83,91,90,106,108,118,126
453,0.771545584045584,0.7692307692307693,0.6799044119469784,0.676662996308051,2.56,0.001,7,14,19,23,28,39,44,47,59,62,71,83,91,90,106,108,118,126
454,0.7694088319088319,0.7676282051282052,0.6775418851441821,0.6751306945481703,2.57,0.001,7,14,19,23,28,39,44,47,59,62,71,83,91,90,106,108,118,126
455,0.7727920227920227,0.7708333333333334,0.6815607417085219,0.6790100363322422,2.57,0.001,7,14,19,23,28,39,44,47,59,62,71,83,91,90,106,108,118,126
456,0.7726139601139601,0.7724358974358975,0.6817422320617577,0.6815285250638863,2.58,0.001,7,14,19,23,28,39,44,47,59,62,71,83,91,90,106,108,118,126
457,0.7719017094017094,0.7692307692307693,0.680918601531996,0.6772993356078291,2.58,0.001,7,14,19,23,28,39,44,47,59,62,71,83,91,90,106,108,118,126
458,0.7740384615384616,0.7708333333333334,0.6832398191951842,0.6790100363322422,2.59,0.001,7,14,19,23,28,39,44,47,59,62,71,83,91,90,106,108,118,126
459,0.7724358974358975,0.7676282051282052,0.6818894255357332,0.6752029981261711,2.59,0.001,7,14,19,23,28,39,44,47,59,62,71,83,91,90,106,108,118,126
460,0.7735042735042735,0.7708333333333334,0.682642541485406,0.6789592222949782,2.6,0.001,7,14,19,23,28,39,44,47,59,62,71,83,91,90,106,108,118,126
461,0.7752849002849003,0.7708333333333334,0.6855480192905864,0.6791323859386686,2.6,0.001,7,14,19,23,28,39,44,47,59,62,71,83,91,90,106,108,118,126
462,0.7736823361823362,0.7740384615384616,0.6828734816898667,0.6835608752571536,2.61,0.001,7,14,19,23,28,39,44,47,59,62,71,83,91,90,106,108,118,126
463,0.7752849002849003,0.7708333333333334,0.6858026657284861,0.6792546423102638,2.62,0.001,7,14,19,23,28,39,44,47,59,62,71,83,91,90,106,108,118,126
464,0.7752849002849003,0.7708333333333334,0.6846663699333845,0.678867947615226,2.62,0.001,7,14,19,23,28,39,44,47,59,62,71,83,91,90,106,108,118,126
465,0.7749287749287749,0.7676282051282052,0.6858313498146289,0.675356827624809,2.63,0.001,8,14,19,24,28,39,44,47,59,62,71,83,91,90,106,108,118,126
466,0.7756410256410257,0.7724358974358975,0.6850404775703907,0.6810022680635057,2.63,0.001,8,14,19,24,28,39,44,47,59,62,71,83,91,90,106,108,118,126
467,0.7767094017094017,0.7708333333333334,0.6879734171930383,0.6793768055535594,2.64,0.001,8,14,19,24,28,39,44,47,59,62,71,83,91,90,106,108,118,126
468,0.7759971509971509,0.7740384615384616,0.6861671184010911,0.6834902979329597,2.64,0.001,8,14,19,24,28,39,44,47,59,62,71,83,91,90,106,108,118,126
469,0.7763532763532763,0.7708333333333334,0.6868614655195375,0.6790816106339821,2.65,0.001,8,14,19,24,28,39,44,47,59,62,71,83,91,90,106,108,118,126
470,0.7768874643874644,0.7740384615384616,0.6878142997537242,0.6836507588369175,2.65,0.001,8,14,19,24,28,39,44,47,59,62,71,83,91,90,106,108,118,126
471,0.7774216524216524,0.7740384615384616,0.688167170115292,0.6836609954985402,2.66,0.001,8,14,19,24,28,39,44,47,59,62,71,83,91,90,106,108,118,126
472,0.7786680911680912,0.7740384615384616,0.690344381182743,0.6838008301737615,2.67,0.001,8,14,19,24,28,39,44,47,59,62,71,83,91,90,106,108,118,126
473,0.7783119658119658,0.7724358974358975,0.6892424477984007,0.6812455482729098,2.67,0.001,8,14,19,24,28,39,44,47,59,62,71,83,91,90,106,108,118,126
474,0.7793803418803419,0.7708333333333334,0.6915947014679185,0.6795702322641808,2.68,0.001,8,13,19,24,28,39,44,47,59,62,71,83,91,90,106,108,118,126
475,0.7786680911680912,0.7740384615384616,0.6895247755492034,0.6834094368340944,2.68,0.001,8,13,19,24,28,39,44,47,59,62,71,83,91,90,106,108,118,126
476,0.7783119658119658,0.7724358974358975,0.6901586306698251,0.6817607171589473,2.69,0.001,8,13,19,24,28,39,44,47,59,62,71,83,91,90,106,108,118,126
477,0.7802706552706553,0.7756410256410257,0.6920849207699423,0.6857746109050885,2.69,0.001,8,13,19,24,28,39,44,47,59,62,71,83,91,90,106,108,118,126
478,0.7793803418803419,0.7756410256410257,0.6911757715619323,0.6859542160358909,2.7,0.001,8,13,19,24,28,39,44,47,59,62,71,83,91,90,106,108,118,126
479,0.7788461538461539,0.7740384615384616,0.6905702626940409,0.6838519583183615,2.7,0.001,8,13,19,24,28,39,44,47,59,62,71,83,91,90,106,108,118,126
480,0.780982905982906,0.7772435897435898,0.6929109148331121,0.6879696948984253,2.71,0.001,8,13,19,24,28,39,44,47,59,62,71,83,91,90,106,108,118,126
481,0.7811609686609686,0.7724358974358975,0.6941783927473364,0.6817607171589473,2.72,0.001,8,13,19,24,28,39,44,47,59,62,71,83,91,90,106,108,118,126
482,0.7799145299145299,0.7772435897435898,0.6913220891306436,0.6876426992026852,2.72,0.001,8,13,19,24,28,39,44,47,59,62,71,83,91,90,106,108,118,126
483,0.7825854700854701,0.7708333333333334,0.6962592658576583,0.6795702322641808,2.73,0.001,8,13,19,24,28,39,44,47,59,62,71,83,91,90,106,108,118,126
484,0.780448717948718,0.7756410256410257,0.69214746470269,0.6854453670164118,2.73,0.001,8,13,19,24,28,39,44,47,59,62,71,83,91,90,106,108,118,126
485,0.7816951566951567,0.7740384615384616,0.6947235383823782,0.684061978203494,2.74,0.001,8,13,19,24,28,39,44,47,59,62,71,83,91,90,106,108,118,126
486,0.7829415954415955,0.7756410256410257,0.6960252006901204,0.6857746109050885,2.74,0.001,8,13,19,24,28,39,44,47,59,62,71,83,91,90,106,108,118,126
487,0.7811609686609686,0.7740384615384616,0.6935554400886239,0.6839121547100265,2.75,0.001,8,13,19,24,28,39,44,47,59,62,71,83,91,90,106,108,118,126
488,0.7827635327635327,0.7740384615384616,0.696201965886571,0.684061978203494,2.76,0.001,8,13,19,24,28,39,44,47,59,62,71,83,91,90,106,108,118,126
489,0.7832977207977208,0.7756410256410257,0.6962692789384388,0.6855155730269126,2.76,0.001,8,13,19,24,28,39,44,47,59,62,71,83,91,90,106,108,118,126
490,0.7825854700854701,0.7756410256410257,0.6962511661119237,0.6863522290318064,2.77,0.001,8,13,19,24,28,39,44,47,59,62,71,83,91,90,106,108,118,126
491,0.7838319088319088,0.7788461538461539,0.6968087923628707,0.689889874028565,2.77,0.001,8,13,19,24,28,39,44,47,59,62,71,83,91,90,106,108,118,126
492,0.7843660968660968,0.7756410256410257,0.6989712535344224,0.6863522290318064,2.78,0.001,8,13,19,24,28,39,44,47,59,62,71,83,91,90,106,108,118,126
493,0.7838319088319088,0.7772435897435898,0.6968253755796008,0.6877326632152707,2.78,0.001,8,13,19,24,28,39,44,47,59,62,71,83,91,90,106,108,118,126
494,0.7865028490028491,0.7772435897435898,0.7016906202396413,0.6885232361464735,2.79,0.001,8,13,19,24,28,39,44,47,59,63,71,83,91,90,106,108,118,126
495,0.7849002849002849,0.780448717948718,0.69863432484057,0.6923231959690481,2.8,0.001,8,13,19,24,28,39,44,47,59,62,71,83,91,90,106,108,118,126
496,0.7852564102564102,0.7788461538461539,0.6994324764889837,0.6904305686871556,2.8,0.001,8,13,19,24,28,39,44,47,59,62,71,83,91,90,106,108,118,126
497,0.7857905982905983,0.7772435897435898,0.7003494656181397,0.688296006669925,2.81,0.001,8,13,19,24,28,39,44,47,59,62,71,83,91,90,106,108,118,126
498,0.7857905982905983,0.780448717948718,0.6999141323449225,0.6922744649143647,2.81,0.001,8,13,19,24,28,39,44,47,59,62,71,83,91,90,106,108,118,126
499,0.7865028490028491,0.7788461538461539,0.7015168658487203,0.6905484901517575,2.82,0.001,8,13,19,24,28,39,44,47,59,62,71,83,91,90,106,108,118,126
