epoch,train_accuracy,validation_accuracy,train_kappa,validation_kappa,time,lr,band_1,band_2,band_3,band_4,band_5,band_6,band_7,band_8,band_9,band_10,band_11,band_12,band_13,band_14,band_15,band_16,band_17,band_18,band_19,band_20,band_21,band_22,band_23,band_24,band_25,band_26,band_27,band_28,band_29,band_30
0,0.2023852547885797,0.20693391115926327,0.04205396293595298,0.03406746584889875,0.01,0.001,7,13,19,26,32,38,45,51,58,64,70,77,83,89,96,102,109,115,121,128,134,141,147,153,160,166,172,179,185,192
1,0.2337067823153837,0.24918743228602383,0.0003489893573770386,0.0,0.02,0.001,7,13,19,26,32,38,45,51,58,64,70,77,83,89,96,102,109,115,121,128,134,141,147,153,160,166,172,179,185,192
2,0.23346584748825444,0.24918743228602383,0.0,0.0,0.03,0.001,7,13,19,26,32,38,45,51,58,64,71,77,83,89,96,102,109,115,122,128,134,141,147,153,160,166,172,179,185,192
3,0.23346584748825444,0.24918743228602383,0.0,0.0,0.03,0.001,7,13,19,26,32,38,45,51,58,64,71,77,83,89,96,102,108,115,122,128,134,141,147,153,160,166,172,179,185,192
4,0.23346584748825444,0.24918743228602383,0.0,0.0,0.04,0.001,7,13,19,26,32,38,45,51,58,64,71,77,83,89,96,102,108,115,122,128,134,141,147,153,160,166,172,179,185,192
5,0.23346584748825444,0.24918743228602383,0.0,0.0,0.05,0.001,7,13,19,26,32,38,45,51,58,64,71,77,83,89,96,102,108,115,122,128,134,141,147,153,160,166,172,179,185,192
6,0.23346584748825444,0.24918743228602383,0.0,0.0,0.05,0.001,7,13,19,26,32,38,45,51,58,64,71,77,83,89,96,102,108,115,122,128,134,141,147,153,160,166,172,179,185,192
7,0.23346584748825444,0.24918743228602383,0.0,0.0,0.06,0.001,7,13,19,26,32,38,45,51,58,64,71,77,83,89,96,102,108,115,122,128,134,141,147,153,160,166,172,179,185,192
8,0.23346584748825444,0.24918743228602383,0.0,0.0,0.07,0.001,7,13,20,26,32,38,45,51,58,64,71,77,83,89,96,102,108,115,122,128,134,141,147,153,160,166,172,179,185,192
9,0.23346584748825444,0.24918743228602383,0.0,0.0,0.08,0.001,7,13,20,26,32,38,45,51,58,64,71,77,83,89,96,102,108,115,122,128,134,141,147,153,160,166,172,179,185,192
10,0.23346584748825444,0.24918743228602383,0.0,0.0,0.08,0.001,7,13,20,26,32,38,45,51,58,64,71,77,83,89,96,102,108,115,122,128,134,141,147,153,160,166,172,179,185,192
11,0.23346584748825444,0.24918743228602383,0.0,0.0,0.09,0.001,7,13,20,26,32,38,45,51,58,64,71,77,83,89,97,102,108,114,122,128,134,141,147,153,160,166,172,179,185,192
12,0.23346584748825444,0.24918743228602383,0.0,0.0,0.1,0.001,7,13,20,26,32,38,45,51,58,64,71,77,83,89,97,102,108,114,122,128,134,141,147,153,160,166,172,179,185,192
13,0.23346584748825444,0.24918743228602383,0.0,0.0,0.11,0.001,7,13,20,26,32,38,45,51,58,64,71,77,83,89,97,102,108,114,122,128,134,141,147,153,160,166,172,179,185,192
14,0.23346584748825444,0.24918743228602383,0.0,0.0,0.11,0.001,7,13,20,26,32,38,45,51,58,64,71,77,83,89,97,102,108,114,122,128,134,141,147,153,160,166,172,179,185,192
15,0.23346584748825444,0.24918743228602383,0.0,0.0,0.12,0.001,7,13,20,26,32,38,45,51,58,64,71,77,83,89,97,101,108,114,122,128,134,141,148,153,160,166,172,179,185,192
16,0.23346584748825444,0.24918743228602383,0.0,0.0,0.13,0.001,7,13,20,26,32,38,45,51,58,64,70,77,83,89,97,101,108,114,122,128,134,141,148,153,160,166,172,179,185,192
17,0.23346584748825444,0.24918743228602383,0.0,0.0,0.13,0.001,7,13,20,26,32,38,45,51,58,64,70,77,83,89,97,101,108,114,122,128,134,141,148,153,160,166,173,179,185,192
18,0.23346584748825444,0.24918743228602383,0.0,0.0,0.14,0.001,7,13,20,26,32,38,45,50,58,64,70,77,83,89,97,101,108,114,122,128,134,141,148,153,160,167,173,178,185,192
19,0.23346584748825444,0.24918743228602383,0.0,0.0,0.15,0.001,7,13,20,26,32,38,45,50,58,64,70,77,83,89,97,101,108,114,122,128,134,141,148,153,160,167,173,178,185,192
20,0.23346584748825444,0.24918743228602383,0.0,0.0,0.16,0.001,7,13,20,26,32,38,45,50,58,64,70,77,83,89,97,101,108,114,122,128,134,141,148,153,160,167,173,178,185,192
21,0.23346584748825444,0.24918743228602383,0.0,0.0,0.16,0.001,7,13,20,26,32,39,45,50,59,64,70,77,83,89,97,101,108,114,122,128,134,141,148,153,160,167,173,178,185,192
22,0.23346584748825444,0.24918743228602383,0.0,0.0,0.17,0.001,7,13,20,26,32,39,45,50,59,64,70,78,83,89,97,101,107,114,122,129,134,142,148,153,160,167,173,178,185,192
23,0.23346584748825444,0.24918743228602383,0.0,0.0,0.18,0.001,7,13,20,26,32,39,45,50,59,64,70,78,83,89,97,101,107,114,122,129,134,142,148,153,160,167,173,178,185,192
24,0.23346584748825444,0.24918743228602383,0.0,0.0,0.19,0.001,7,13,20,26,32,39,45,50,59,64,70,78,83,89,97,101,107,114,122,129,135,142,148,153,160,167,173,178,185,192
25,0.23346584748825444,0.24918743228602383,0.0,0.0,0.19,0.001,7,13,20,26,32,39,45,50,59,64,70,78,83,89,97,101,108,114,122,129,135,142,148,153,160,167,173,178,185,192
26,0.23346584748825444,0.24918743228602383,0.0,0.0,0.2,0.001,7,13,20,26,32,39,45,50,59,64,70,78,83,89,97,101,108,114,122,129,135,142,148,153,160,167,173,178,185,192
27,0.23346584748825444,0.24918743228602383,0.0,0.0,0.21,0.001,7,13,20,26,32,39,45,50,59,64,70,78,83,89,97,101,108,114,122,129,135,142,148,153,160,167,173,178,185,192
28,0.23346584748825444,0.24918743228602383,0.0,0.0,0.22,0.001,7,13,20,26,32,39,45,50,59,64,70,78,83,89,97,101,108,114,122,129,135,142,148,153,160,167,173,178,185,192
29,0.2669557884592218,0.28060671722643554,0.04970777314461372,0.0482009103770874,0.22,0.001,7,13,20,26,32,39,45,50,59,64,70,78,83,89,97,101,108,113,122,129,135,142,148,153,160,166,173,178,185,192
30,0.34550054210336106,0.36728060671722645,0.16391687342109362,0.17663304148056724,0.23,0.001,7,13,20,26,32,39,45,50,59,64,70,78,83,89,97,101,108,113,122,129,135,142,148,153,160,166,173,178,185,192
31,0.3534513913986267,0.37269772481040087,0.17590922936288012,0.18565028571428566,0.24,0.001,7,13,20,26,32,39,45,50,59,64,70,78,83,89,97,101,108,113,122,129,135,142,148,153,160,166,173,178,185,192
32,0.3551379351885315,0.37378114842903576,0.1790187202065724,0.18775606525429545,0.25,0.001,7,13,20,26,32,39,45,50,59,64,70,78,83,89,97,101,108,113,122,129,135,141,148,153,160,166,173,178,185,192
33,0.3557402722563547,0.37378114842903576,0.18092224722749717,0.18859364282205282,0.26,0.001,7,13,20,26,32,39,45,50,59,64,70,78,83,89,97,101,108,113,122,129,135,141,148,153,160,166,173,178,185,192
34,0.3559812070834839,0.37486457204767065,0.18311993408138072,0.19166455439713814,0.26,0.001,7,13,20,26,32,39,45,50,59,64,70,78,83,89,97,101,108,113,122,129,135,141,148,153,160,166,173,178,185,192
35,0.35610167449704855,0.37594799566630555,0.18588090648731814,0.19582398666483125,0.27,0.001,7,12,20,26,32,39,45,50,59,65,70,78,83,89,97,101,108,113,122,129,135,141,148,153,160,166,173,178,185,192
36,0.35610167449704855,0.37594799566630555,0.1880099307305212,0.19788051973132337,0.28,0.001,7,12,20,26,32,39,45,50,59,65,70,78,83,89,97,101,108,113,122,129,135,141,148,153,160,166,173,178,185,192
37,0.35610167449704855,0.37594799566630555,0.18934170914785642,0.20019857835947197,0.28,0.001,7,12,20,27,32,39,45,50,59,65,70,78,83,89,97,101,108,113,122,129,135,141,148,153,160,166,173,178,185,192
38,0.3559812070834839,0.37594799566630555,0.1900169576237548,0.20060625744289262,0.29,0.001,7,12,20,27,32,39,45,50,59,65,70,78,83,89,97,101,108,113,122,129,135,141,148,153,160,166,173,178,185,192
39,0.3559812070834839,0.37594799566630555,0.19050418215024267,0.20128479979087455,0.3,0.001,7,12,20,27,31,39,45,50,59,65,70,78,83,89,97,101,108,113,122,129,135,141,148,153,160,166,173,178,185,192
40,0.35586073966991927,0.37594799566630555,0.19073137947449603,0.20209753161830823,0.31,0.001,7,12,20,27,31,39,45,50,59,65,70,78,83,89,97,101,108,113,121,129,135,141,148,153,160,166,173,178,185,192
41,0.3557402722563547,0.37594799566630555,0.19095836440791436,0.20223282614567395,0.31,0.001,7,12,20,27,31,39,45,50,59,65,70,78,83,89,97,101,108,113,121,129,135,141,148,153,160,166,173,178,185,191
42,0.35561980484279004,0.37594799566630555,0.19121212745493354,0.20223282614567395,0.32,0.001,7,12,20,27,31,39,45,50,59,65,70,78,83,89,97,101,108,113,121,129,135,141,148,153,160,166,173,178,185,191
43,0.35561980484279004,0.37594799566630555,0.1915358694884478,0.2023680747989972,0.33,0.001,7,12,20,27,31,39,45,50,59,65,70,78,82,89,97,101,108,113,121,129,136,141,149,153,160,166,173,178,185,191
44,0.35561980484279004,0.37594799566630555,0.19180545660129145,0.20277354574790962,0.34,0.001,7,12,20,27,31,39,45,50,59,65,71,78,82,89,97,101,108,113,121,129,136,141,149,153,160,166,173,178,185,191
45,0.35561980484279004,0.37594799566630555,0.19207486398325502,0.20304363077089127,0.34,0.001,7,12,20,27,31,39,45,50,59,65,71,78,82,89,97,101,108,112,121,129,136,141,149,153,160,166,173,178,185,191
46,0.3554993374292254,0.37594799566630555,0.19230076089179116,0.20358325219084705,0.35,0.001,7,12,20,27,31,39,45,50,59,65,71,78,82,89,97,101,108,112,121,129,136,141,149,153,160,166,173,178,185,191
47,0.3554993374292254,0.37594799566630555,0.1926504611082105,0.20385278895917203,0.36,0.001,7,12,20,27,31,39,45,50,59,65,71,77,82,89,97,101,108,112,121,129,136,141,149,153,160,166,173,178,185,191
48,0.35537887001566076,0.37594799566630555,0.19288932066926956,0.20479473261468184,0.37,0.001,7,12,20,27,31,39,45,50,59,65,71,77,82,89,97,101,108,112,121,129,136,141,149,153,160,166,173,178,185,191
49,0.3551379351885315,0.37594799566630555,0.19307115840635736,0.2053319860870917,0.37,0.001,7,12,20,27,31,39,45,50,59,65,71,77,82,89,97,101,108,112,121,130,136,141,149,154,160,166,173,178,185,191
50,0.3551379351885315,0.37594799566630555,0.19350045472085764,0.20627043489944896,0.38,0.001,7,12,20,27,31,39,45,50,59,65,71,77,82,89,97,101,108,112,121,130,136,141,149,154,160,166,173,178,185,191
51,0.35501746777496684,0.37594799566630555,0.1936849242695019,0.20667194907401187,0.39,0.001,7,12,20,27,31,39,45,50,59,65,71,77,82,89,97,101,108,112,121,130,136,141,149,154,160,166,173,178,185,191
52,0.35489700036140226,0.37486457204767065,0.19394957925289225,0.20583029252864216,0.4,0.001,7,12,20,27,31,39,45,50,59,65,71,77,82,89,97,101,108,112,121,130,136,141,149,154,160,166,173,178,185,191
53,0.35489700036140226,0.37486457204767065,0.19440452931274654,0.2063652200347813,0.4,0.001,7,12,20,27,31,39,45,50,59,66,71,77,82,89,97,101,108,112,121,130,136,141,149,154,160,166,173,178,185,191
54,0.35489700036140226,0.37486457204767065,0.1947921693156235,0.20689942740560396,0.41,0.001,7,12,20,27,31,39,45,50,59,66,71,77,82,89,97,101,108,112,121,130,136,141,149,154,160,166,173,178,185,191
55,0.3547765329478376,0.37378114842903576,0.19500244205273654,0.2057921995560722,0.42,0.001,7,12,20,27,31,39,45,50,59,66,71,77,82,89,97,101,108,112,121,130,136,141,149,154,160,166,173,178,185,191
56,0.3547765329478376,0.37378114842903576,0.1952426882325906,0.20592578038949505,0.43,0.001,7,12,20,27,31,39,45,50,59,66,71,77,82,89,97,101,108,112,121,130,136,141,149,154,160,166,173,178,185,191
57,0.3547765329478376,0.37378114842903576,0.19534941828907892,0.20632625341610833,0.43,0.001,7,12,20,27,31,39,45,50,59,66,71,77,82,89,97,101,108,112,121,130,136,141,149,154,160,166,173,178,185,191
58,0.3547765329478376,0.37378114842903576,0.19544278386822478,0.20632625341610833,0.44,0.001,7,12,20,27,31,39,45,50,59,66,71,77,82,89,97,101,108,112,121,130,136,141,149,154,160,166,173,178,185,191
59,0.3547765329478376,0.37378114842903576,0.19554946085990033,0.20632625341610833,0.45,0.001,7,12,20,27,31,39,45,50,59,66,71,77,82,89,97,101,108,112,121,130,136,141,149,154,160,166,173,178,185,191
60,0.3547765329478376,0.37378114842903576,0.19557612568784022,0.20632625341610833,0.46,0.001,7,12,21,27,31,39,45,50,59,66,71,77,82,89,97,101,108,112,121,130,136,141,149,154,160,166,173,178,185,191
61,0.3547765329478376,0.37378114842903576,0.19561611961547976,0.20645965467591665,0.46,0.001,7,12,21,27,31,39,45,50,59,66,72,77,82,89,97,101,108,112,121,130,136,140,149,154,160,166,173,178,185,191
62,0.3547765329478376,0.37378114842903576,0.19562945004097554,0.20645965467591665,0.47,0.001,7,12,21,27,31,39,45,50,59,66,72,77,82,89,97,101,108,112,121,130,136,140,149,154,160,166,173,179,185,191
63,0.3547765329478376,0.37378114842903576,0.1956427800246492,0.20645965467591665,0.48,0.001,7,12,21,27,31,39,45,50,59,66,72,77,82,89,97,101,108,112,121,130,136,140,149,154,160,166,173,179,185,191
64,0.35610167449704855,0.37486457204767065,0.19778544326165892,0.20834008446219632,0.49,0.001,7,12,21,27,31,39,45,50,59,66,72,77,82,89,97,101,108,112,121,130,136,140,149,154,160,165,173,179,185,191
65,0.35959522949042283,0.37919826652221017,0.20328275241686633,0.21545855738920827,0.49,0.001,7,12,21,27,31,39,45,50,59,66,72,77,82,89,97,101,108,112,121,130,136,140,149,154,160,165,173,179,185,191
66,0.3674256113721238,0.38461538461538464,0.2145135085642138,0.2231226892499648,0.5,0.001,7,12,21,27,31,39,45,50,60,66,72,77,81,89,97,101,108,112,121,130,136,140,149,154,160,165,173,179,185,191
67,0.37417178653174316,0.38894907908992415,0.22411126385061775,0.2295081967213115,0.51,0.001,7,12,21,27,31,39,45,50,60,66,72,76,81,89,97,101,108,112,121,130,136,140,149,154,160,165,173,179,185,191
68,0.3797132875557162,0.39436619718309857,0.23212712622103626,0.23746403146166384,0.51,0.001,7,12,21,27,31,39,45,50,60,66,72,76,81,89,97,101,108,112,121,130,136,140,149,154,160,165,173,179,185,191
69,0.38513432116612456,0.39978331527627303,0.23987678801161105,0.24564804324222245,0.52,0.001,7,12,21,27,31,39,45,50,60,66,72,76,81,89,97,101,108,111,121,130,136,140,149,154,160,165,173,179,185,191
70,0.3900734851222744,0.4084507042253521,0.24664049097974516,0.2578134894803966,0.53,0.001,7,12,21,27,31,39,45,50,60,66,72,76,81,89,97,101,108,111,121,130,136,140,149,154,160,165,173,179,185,191
71,0.39525358390555354,0.41278439869989164,0.25367305834285514,0.2641502218142878,0.54,0.001,7,12,21,27,31,39,45,50,60,66,72,76,81,89,97,101,108,111,121,130,136,140,149,154,160,165,173,179,185,191
72,0.3997108782074449,0.4171180931744312,0.2598207033874107,0.2709395623352885,0.54,0.001,7,12,21,27,31,39,45,50,60,66,72,76,81,89,97,101,108,111,121,130,136,140,149,154,160,165,173,179,185,191
73,0.4035658354415131,0.419284940411701,0.2649960334922834,0.27397173830415145,0.55,0.001,7,12,21,27,30,39,45,50,60,66,72,76,81,89,97,101,108,111,121,130,136,140,149,154,160,165,173,179,185,191
74,0.40621611853993495,0.4257854821235103,0.26854878752853295,0.2825600750892786,0.56,0.001,7,12,21,27,30,39,45,50,60,66,72,76,81,89,97,101,108,111,121,130,136,140,149,154,160,165,173,178,185,191
75,0.4087459342247922,0.4268689057421452,0.2720728122510393,0.2839452400331435,0.57,0.001,7,12,21,27,30,39,45,50,60,66,72,76,81,89,97,101,108,111,121,130,136,140,149,154,160,165,173,178,185,191
76,0.41079388025539093,0.4279523293607801,0.2748839114249503,0.285592195436588,0.57,0.001,7,12,21,27,30,39,45,50,60,66,72,76,81,89,97,101,108,111,121,131,136,140,149,154,160,165,173,178,185,191
77,0.4146488374894591,0.4301191765980498,0.2799290236300297,0.2885193961695661,0.58,0.001,7,12,21,27,30,39,45,50,60,66,72,77,81,89,97,101,108,111,121,131,136,140,149,154,160,165,173,178,185,191
78,0.4177809902421395,0.4344528710725894,0.28404202591881844,0.29433630651610354,0.59,0.001,7,12,21,27,30,39,45,50,60,66,72,77,81,89,97,101,108,111,121,131,137,140,149,154,160,165,173,178,185,191
79,0.4201903385134321,0.4387865655471289,0.28721799432731854,0.3003318972581891,0.6,0.001,7,12,21,27,30,39,45,50,60,66,72,77,81,89,97,101,108,111,121,131,137,140,149,154,160,165,173,178,185,191
80,0.4224792193711601,0.4420368364030336,0.2902701272074394,0.3046536836115381,0.61,0.001,7,12,21,27,30,39,45,50,60,66,72,77,81,89,97,101,108,111,121,131,137,140,149,154,160,165,173,178,185,191
81,0.42537043729671126,0.4442036836403034,0.29403505543887765,0.30756879358779565,0.61,0.001,7,12,21,27,30,39,45,50,60,66,71,77,81,88,97,101,108,111,121,131,137,140,149,154,160,165,173,178,185,191
82,0.4280207203951331,0.4463705308775731,0.2975146588657156,0.3105506350670443,0.62,0.001,7,12,21,27,30,39,45,50,60,66,71,77,81,88,97,101,108,111,121,131,137,140,149,154,160,165,173,178,185,191
83,0.4294663293579087,0.4485373781148429,0.29959529656139705,0.3133554611396844,0.63,0.001,7,12,21,27,30,39,45,50,60,66,71,77,81,88,97,101,108,111,122,131,137,140,149,154,160,165,173,178,185,191
84,0.4310324057342489,0.447453954496208,0.3017237238342245,0.31252993889544456,0.64,0.001,7,12,21,28,30,39,45,50,60,66,71,77,81,88,97,101,108,111,122,131,137,140,149,154,160,165,173,178,185,191
85,0.4323575472834598,0.4485373781148429,0.3035445283784646,0.3141123157197042,0.64,0.001,7,12,21,28,30,39,45,50,60,66,71,77,81,88,97,101,108,111,122,131,137,140,149,154,160,165,173,178,185,191
86,0.43368268883267075,0.4496208017334778,0.30530801416720865,0.31552778710421425,0.65,0.001,7,12,21,28,30,39,45,50,60,66,71,77,81,88,97,101,108,111,122,131,137,140,149,154,160,165,173,178,185,192
87,0.4358511022768341,0.4517876489707476,0.308167097253059,0.31829023001088896,0.66,0.001,7,12,21,28,30,39,45,50,60,66,71,77,81,89,98,101,108,111,122,131,137,140,149,154,160,165,173,178,185,192
88,0.4374171786531743,0.4561213434452871,0.3102138840931309,0.3240147175966317,0.67,0.001,7,12,21,28,30,39,45,50,60,66,71,77,81,89,98,101,108,111,122,131,137,140,149,154,160,165,173,178,185,192
89,0.4397060595109023,0.4561213434452871,0.31317707949743456,0.32413402785172396,0.67,0.001,7,12,21,28,30,39,45,50,60,66,71,77,81,89,98,101,108,111,122,131,137,140,149,153,160,165,173,178,185,192
90,0.44139260330080715,0.4561213434452871,0.3154382429200675,0.32413402785172396,0.68,0.001,7,12,21,28,30,39,45,50,60,66,71,77,81,89,98,101,108,111,122,131,137,140,149,153,160,165,173,178,185,192
91,0.44259727743645344,0.46045503791982667,0.3172477242273405,0.32977848544232924,0.69,0.001,7,12,21,28,30,39,45,50,60,65,71,77,81,89,98,101,108,111,122,131,137,140,149,153,160,165,173,178,185,192
92,0.4436814841585351,0.46153846153846156,0.31880299736491635,0.3312793465727285,0.7,0.001,7,12,21,28,30,39,45,50,60,65,71,77,81,89,98,101,108,111,122,131,137,140,149,153,160,165,173,178,185,192
93,0.4445247560534875,0.4626218851570964,0.31994009361168263,0.3327940981437193,0.7,0.001,7,12,21,28,30,39,45,50,60,65,71,77,81,89,98,101,108,111,122,131,137,140,149,153,160,165,174,178,185,192
94,0.44536802794843994,0.4626218851570964,0.32117527829816006,0.33284563034639536,0.71,0.001,7,12,22,28,30,39,45,50,60,65,71,77,81,89,98,101,108,111,122,131,137,140,149,153,160,165,174,178,185,192
95,0.44621129984339236,0.4658721560130011,0.3224183882336238,0.33722950721775313,0.72,0.001,7,12,22,28,30,39,45,50,60,65,71,77,81,89,98,101,108,111,122,131,137,140,149,153,160,165,174,178,185,192
96,0.446331767256957,0.46803900325027087,0.32274823715065204,0.340117184883616,0.73,0.001,7,12,22,28,30,39,45,50,60,65,71,77,81,89,98,101,108,111,122,131,137,140,149,153,160,165,174,178,185,192
97,0.44741597397903865,0.46912242686890576,0.32422186952574084,0.34152633923761655,0.73,0.001,7,12,22,28,30,39,45,50,60,65,71,77,81,89,98,101,108,111,122,131,137,140,149,153,160,165,174,178,185,192
98,0.44777737621973257,0.47020585048754066,0.32475141192207724,0.3429208660953066,0.74,0.001,7,12,22,28,30,39,45,50,60,65,71,77,81,89,98,101,108,111,122,131,137,140,149,153,160,165,174,178,185,192
99,0.448620648114685,0.46912242686890576,0.3259152808431067,0.3417534708324903,0.75,0.001,7,12,22,28,30,39,45,50,60,65,71,77,81,89,98,101,108,111,122,131,137,140,149,153,160,165,174,178,185,192
100,0.4499457896638959,0.47020585048754066,0.32766199296749965,0.34311117191434126,0.76,0.001,7,12,22,28,30,39,45,50,60,65,71,77,81,88,98,100,108,111,122,131,137,140,149,153,160,165,174,178,185,192
101,0.450909528972413,0.47020585048754066,0.32908517072483756,0.3435115058973087,0.76,0.001,7,12,22,28,30,39,45,50,60,65,71,77,81,88,98,100,108,111,122,131,137,140,149,153,160,165,174,178,185,192
102,0.45175280086736536,0.47020585048754066,0.33045059197525084,0.3436079334746909,0.77,0.001,7,12,22,28,30,39,45,50,60,65,71,77,81,88,98,100,108,111,122,131,137,140,149,153,160,165,174,178,185,192
103,0.4531984098301409,0.4745395449620802,0.33245785199133504,0.34936419646322014,0.78,0.001,7,12,22,28,30,39,45,50,60,65,71,77,81,88,98,100,108,111,122,131,137,140,149,153,160,165,174,178,185,192
104,0.4536802794843995,0.4745395449620802,0.33331253608047395,0.34936419646322014,0.79,0.001,7,12,22,28,30,39,45,50,60,65,71,77,81,88,98,100,108,111,122,131,137,140,149,153,160,165,174,178,185,192
105,0.4546440187929165,0.4734561213434453,0.3347050158736544,0.3483645850886419,0.79,0.001,7,12,22,28,30,39,45,50,60,65,71,77,81,88,98,100,108,110,122,131,137,140,149,153,160,165,174,178,185,192
106,0.4548849536200458,0.4745395449620802,0.3350467701930283,0.3498310145950523,0.8,0.001,7,12,22,28,30,39,45,50,60,65,71,77,81,88,98,100,108,110,122,132,137,140,149,153,160,165,174,178,185,192
107,0.45512588844717505,0.47562296858071507,0.33552360008814985,0.3512667326922463,0.81,0.001,7,12,22,28,30,39,45,50,60,65,71,77,81,88,98,100,108,110,122,132,137,140,149,153,160,165,174,178,185,192
108,0.45608962775569206,0.4745395449620802,0.336977147718899,0.35021228725913567,0.82,0.001,7,12,22,28,30,39,45,50,60,65,71,77,81,88,98,100,108,110,122,132,138,140,149,153,160,165,174,178,185,192
109,0.4562100951692567,0.4734561213434453,0.3376014065280851,0.3494447675303938,0.82,0.001,7,12,22,28,30,39,45,50,60,65,71,77,81,89,98,100,108,110,122,132,138,140,149,153,160,165,174,178,185,192
110,0.45741476930490305,0.47562296858071507,0.3394966782804497,0.35245627182422634,0.83,0.001,7,12,22,28,30,39,45,50,60,65,71,77,81,89,98,100,108,110,122,132,138,140,149,153,160,165,174,178,185,192
111,0.45753523671846763,0.47562296858071507,0.33996592241544554,0.35247598230488697,0.84,0.001,7,12,22,28,30,39,45,50,60,65,71,77,81,89,98,100,108,110,122,132,138,140,149,153,160,165,174,178,185,192
112,0.4580171063727262,0.47562296858071507,0.34089238170884983,0.3531388689790984,0.85,0.001,7,12,22,28,30,39,45,50,60,65,71,77,81,89,98,100,108,110,122,132,138,140,149,153,160,165,174,178,185,192
113,0.4593422479219371,0.4788732394366197,0.342983559161259,0.3580704070375228,0.85,0.001,7,12,22,28,30,39,45,50,60,65,71,77,81,88,98,100,108,110,122,132,138,140,149,153,160,165,174,178,185,192
114,0.45946271533550176,0.4810400866738895,0.34357489687806286,0.36156205505286654,0.86,0.001,7,12,22,28,30,39,45,50,60,65,71,77,81,88,98,100,108,110,122,132,138,140,149,153,160,165,174,178,185,192
115,0.46042645464401877,0.48429035752979416,0.345214625038203,0.36588660814543894,0.87,0.001,7,12,22,28,30,39,45,50,60,65,71,77,81,88,98,100,108,110,122,132,138,140,149,153,160,165,174,178,185,192
116,0.4612697265389712,0.48429035752979416,0.34645219758323353,0.3661445950001154,0.88,0.001,7,12,22,28,30,39,45,50,60,65,71,77,81,88,98,100,108,110,122,132,138,140,149,153,160,165,174,178,185,192
117,0.4612697265389712,0.48429035752979416,0.34654470383712643,0.3663100717276512,0.88,0.001,7,12,22,28,30,39,45,50,60,65,71,77,81,88,98,100,108,110,122,132,138,140,149,153,160,165,174,178,185,192
118,0.4616311287796651,0.48429035752979416,0.3472026404729599,0.3664023720180325,0.89,0.001,7,12,22,28,30,39,45,50,60,65,71,77,81,88,98,100,108,110,122,132,138,140,149,153,160,165,174,178,185,192
119,0.46175159619322975,0.48429035752979416,0.3476996795048177,0.3669118240400244,0.9,0.001,7,12,22,28,30,39,45,50,60,65,71,77,81,88,98,100,108,110,122,132,138,140,149,153,160,165,174,178,185,192
120,0.4623539332610529,0.48537378114842905,0.3488119991361872,0.3688121128184013,0.91,0.001,7,12,22,28,30,39,45,50,60,65,71,77,81,88,98,100,108,110,122,132,138,140,149,153,160,165,174,178,185,192
121,0.46247440067461754,0.48429035752979416,0.3492452406467359,0.36777819828557523,0.91,0.001,7,12,22,28,30,39,45,50,60,65,71,77,81,88,98,100,108,110,122,132,138,140,149,153,160,165,174,178,185,192
122,0.46295627032887604,0.48320693391115926,0.3501248879801443,0.3666341067629173,0.92,0.001,7,12,22,28,30,39,45,50,60,65,71,77,81,88,98,100,108,110,122,132,138,140,149,153,160,165,174,178,185,192
123,0.46379954222382846,0.48320693391115926,0.35137829179754143,0.3669100645354255,0.93,0.001,7,12,22,28,30,39,45,50,60,65,71,77,81,89,98,100,108,110,122,132,138,140,149,153,160,165,174,178,185,192
124,0.46452234670521625,0.48429035752979416,0.3526497783412553,0.36832903686812846,0.94,0.001,7,12,22,27,30,39,46,50,60,65,71,77,81,89,98,100,108,110,122,132,138,140,149,153,160,165,174,178,185,192
125,0.4648837489459101,0.48645720476706394,0.3534287647752222,0.37139614074914873,0.94,0.001,7,12,22,27,30,39,46,50,60,65,71,77,81,89,98,100,108,110,122,132,138,140,149,153,160,165,174,178,185,192
126,0.4648837489459101,0.4875406283856988,0.35377571526499785,0.3730808112718772,0.95,0.001,7,12,22,27,30,39,46,50,60,65,71,77,81,88,98,100,108,110,122,132,138,140,149,153,160,165,174,178,185,192
127,0.4656065534272979,0.4886240520043337,0.35479669392676816,0.37458763404585194,0.96,0.001,7,12,22,27,30,39,46,50,60,65,71,77,81,88,98,100,108,110,122,132,138,140,149,153,160,165,174,178,185,192
128,0.4666907601493796,0.48970747562296857,0.35630508935579164,0.37600313481873604,0.97,0.001,7,12,22,27,30,39,46,50,60,65,71,77,81,88,98,100,108,110,123,132,138,140,149,153,160,165,174,178,185,192
129,0.4671726298036381,0.48970747562296857,0.35709928621575915,0.37600313481873604,0.98,0.001,7,12,22,27,30,39,46,50,60,65,71,77,81,88,98,100,108,110,123,132,138,140,149,153,160,165,174,178,185,192
130,0.46837730393928445,0.48970747562296857,0.3589167725081388,0.37600313481873604,0.98,0.001,7,12,22,27,30,39,46,50,60,65,71,77,81,88,98,100,108,110,123,132,138,140,149,153,160,165,174,178,185,192
131,0.46849777135284904,0.49079089924160346,0.35927113406487854,0.3775986593858771,0.99,0.001,7,12,22,27,30,39,46,50,60,65,71,77,81,88,98,100,108,110,123,132,138,140,149,153,160,165,174,178,185,192
132,0.46885917359354295,0.49187432286023836,0.35987093774439405,0.3790129035497314,1.0,0.001,7,12,22,27,30,39,46,50,60,65,71,77,81,88,98,100,108,110,123,132,138,140,149,153,160,165,174,178,185,192
133,0.46982291290206,0.49295774647887325,0.36135547165314974,0.3806061961749245,1.01,0.001,7,12,22,27,30,39,46,50,60,65,71,77,81,88,98,100,108,110,123,132,138,140,149,153,160,165,174,178,185,192
134,0.4706661847970124,0.49512459371614304,0.36275013929677014,0.383610250472197,1.01,0.001,7,12,22,27,30,39,46,50,60,65,71,77,81,88,98,100,108,110,123,132,138,140,149,153,160,165,174,178,185,192
135,0.4717503915190941,0.4962080173347779,0.3642614312661653,0.38502198729622883,1.02,0.001,7,12,22,27,30,39,46,50,60,65,71,77,81,89,97,100,108,110,123,132,138,140,149,153,160,165,174,178,185,192
136,0.47199132634622337,0.4962080173347779,0.3646534138249594,0.3851109735760826,1.03,0.001,7,12,22,27,30,39,46,50,60,65,71,77,81,89,97,100,108,110,123,132,138,140,149,153,160,165,174,178,185,192
137,0.47367787013612817,0.5005417118093174,0.3670098232411412,0.39141087271494623,1.04,0.001,7,12,22,27,30,39,46,50,60,65,71,77,81,89,98,100,108,110,123,132,138,140,149,153,160,165,174,178,185,192
138,0.47476207685820987,0.5027085590465872,0.36881101480792433,0.39444698550641777,1.04,0.001,7,12,22,27,30,39,46,50,60,65,71,77,81,89,98,100,108,110,123,132,138,140,149,153,160,165,174,178,185,192
139,0.47548488133959765,0.5027085590465872,0.36996427144497734,0.394534392993779,1.05,0.001,7,12,22,27,30,39,46,50,60,65,71,77,81,89,98,100,108,110,123,132,138,140,149,153,160,165,174,178,185,192
140,0.4763281532345501,0.5027085590465872,0.3710927854269901,0.39466329461185656,1.06,0.001,7,12,22,27,30,39,46,50,60,65,71,77,81,89,98,100,108,110,123,132,138,140,149,153,160,165,174,178,185,192
141,0.4772918925430671,0.504875406283857,0.37262695899057885,0.39790915202754307,1.07,0.001,7,12,22,27,30,39,46,50,60,65,71,77,81,88,98,100,108,110,123,132,138,140,149,153,160,165,174,178,185,192
142,0.47849656667871343,0.5059588299024919,0.37435916480123643,0.3996593836384331,1.07,0.001,7,12,22,27,30,39,46,50,60,65,71,77,81,88,98,100,108,110,123,132,138,140,149,153,160,165,174,178,185,192
143,0.4792193711601012,0.5059588299024919,0.37522172439717294,0.3996593836384331,1.08,0.001,7,12,22,27,30,39,46,50,60,65,71,77,81,88,98,100,108,110,123,132,138,140,149,153,160,165,174,178,185,192
144,0.4793398385736658,0.504875406283857,0.37551217008051885,0.3986027645301796,1.09,0.001,7,12,22,27,30,39,46,50,60,65,71,77,81,88,98,100,108,110,123,132,138,140,149,153,160,165,174,178,185,192
145,0.47982170822792436,0.5059588299024919,0.37630965519191406,0.4005230083806681,1.1,0.001,7,12,22,27,30,39,46,50,60,65,71,77,81,88,98,100,108,110,123,132,138,140,149,153,160,165,174,178,185,192
146,0.479942175641489,0.504875406283857,0.37643649584670824,0.39908083704802244,1.11,0.001,7,12,23,27,30,39,46,50,60,65,71,77,81,88,98,100,108,110,123,132,138,140,149,153,160,165,174,178,185,192
147,0.4804240452957475,0.5059588299024919,0.3771554785827621,0.4004820210699045,1.11,0.001,7,12,23,27,30,39,46,50,60,65,71,77,81,88,98,99,108,110,123,132,138,140,149,153,160,165,174,178,185,192
148,0.48078544753644137,0.5070422535211268,0.3778230164326375,0.40226758725129763,1.12,0.001,7,12,23,27,30,39,46,50,60,65,71,77,81,88,98,99,108,110,123,132,138,140,149,153,160,165,174,178,185,192
149,0.480905914950006,0.5081256771397616,0.3780129430450304,0.40409526125457373,1.13,0.001,7,12,23,27,30,39,46,50,60,65,71,77,81,89,97,99,108,110,123,132,138,140,149,153,160,165,174,178,185,192
150,0.4811468497771353,0.5113759479956663,0.3784772054781347,0.40845776941572354,1.14,0.001,7,12,23,27,30,39,46,50,60,65,71,78,81,89,97,99,108,110,123,132,138,140,149,153,160,165,174,178,185,192
151,0.4811468497771353,0.5124593716143012,0.37867421897699394,0.41002342292947136,1.14,0.001,7,12,23,27,30,39,46,50,60,65,71,78,81,89,97,99,108,111,123,132,138,140,149,153,160,165,174,178,185,192
152,0.4811468497771353,0.5124593716143012,0.3786975196581207,0.4101926547791649,1.15,0.001,7,12,23,27,30,39,46,50,60,65,71,78,81,89,98,99,108,111,123,132,138,140,149,153,160,165,174,178,185,192
153,0.48138778460426457,0.5135427952329361,0.37909282805734557,0.41150333776854453,1.16,0.001,7,12,23,27,30,39,46,50,60,65,71,78,81,89,98,99,108,111,123,132,138,140,149,153,160,165,174,178,185,192
154,0.4816287194313938,0.5135427952329361,0.3796297185601024,0.41158772933663124,1.17,0.001,7,12,23,27,30,39,46,50,60,65,71,78,81,89,98,99,108,111,123,132,138,140,149,153,160,165,174,178,185,192
155,0.4818696542585231,0.5135427952329361,0.3799950114941767,0.4116578979497387,1.17,0.001,7,12,23,27,30,39,46,50,60,65,71,78,80,89,98,99,108,111,123,132,138,140,149,153,160,165,174,178,185,192
156,0.4823515239127816,0.5135427952329361,0.3806989185209103,0.4116578979497387,1.18,0.001,7,12,23,27,30,39,46,50,60,65,71,78,80,88,98,99,108,111,123,132,138,140,149,153,160,165,174,178,185,192
157,0.4823515239127816,0.5157096424702059,0.3808324997922621,0.41444649446494464,1.19,0.001,7,12,23,27,30,39,46,50,60,65,71,78,80,88,98,99,108,111,123,132,138,140,149,153,160,165,174,178,185,192
158,0.4835561980484279,0.5157096424702059,0.38230057847635135,0.41419457984344676,1.2,0.001,7,12,23,27,30,39,46,50,60,65,71,78,80,88,98,99,108,111,123,132,138,140,149,153,160,165,174,178,185,192
159,0.48451993735694493,0.5157096424702059,0.3836153300649887,0.41419457984344676,1.2,0.001,7,12,23,27,30,39,46,50,60,65,71,78,80,88,98,99,108,111,123,132,138,140,149,153,160,165,174,178,185,192
160,0.48451993735694493,0.5167930660888408,0.383681083505953,0.4155051065104637,1.21,0.001,7,12,23,27,30,39,46,50,60,65,71,78,80,88,98,99,108,111,123,132,138,140,149,153,160,165,174,178,185,192
161,0.48415853511625107,0.5189599133261105,0.38334864051734696,0.41831859537564053,1.22,0.001,7,12,23,27,30,39,46,50,60,65,71,78,80,88,98,99,108,111,123,132,138,140,149,153,160,165,174,178,185,192
162,0.48488133959763885,0.5189599133261105,0.3843165332330203,0.4184853249178412,1.23,0.001,7,12,23,27,30,39,46,50,60,65,71,78,80,88,98,99,108,111,123,132,138,140,149,153,160,165,174,178,185,192
163,0.4843994699433803,0.5167930660888408,0.3837258488368853,0.41578216115952893,1.23,0.001,7,12,23,27,30,39,46,50,60,65,71,79,80,88,98,99,108,111,123,132,138,140,149,153,160,165,174,178,185,192
164,0.4835561980484279,0.5157096424702059,0.38293872746689217,0.41465169036684557,1.24,0.001,7,12,23,27,30,39,46,50,60,65,71,79,80,88,98,99,108,111,123,132,138,140,149,153,160,165,174,178,185,192
165,0.4840380677026864,0.5167930660888408,0.3833931902907013,0.41587749345154146,1.25,0.001,7,12,23,27,30,39,46,50,60,65,71,79,80,89,98,99,108,111,123,132,138,140,149,153,160,165,174,178,185,192
166,0.4834357306348633,0.5178764897074756,0.38288035279268473,0.4172706984636382,1.26,0.001,7,12,23,27,30,39,46,50,60,65,71,79,80,89,98,99,108,111,123,132,138,140,149,153,160,165,174,178,185,192
167,0.4842790025298157,0.5178764897074756,0.3838154320187578,0.41718718517026,1.27,0.001,7,12,23,27,30,39,46,50,60,65,71,79,80,89,98,99,108,111,123,132,138,140,149,153,160,165,174,177,185,192
168,0.48415853511625107,0.5178764897074756,0.38380215838637566,0.4171036479361948,1.27,0.001,7,12,23,27,30,39,46,50,60,65,71,79,80,89,98,99,108,111,123,132,138,140,149,153,160,165,174,177,185,192
169,0.48415853511625107,0.5178764897074756,0.38377328287625523,0.4171036479361948,1.28,0.001,7,12,23,27,30,39,46,50,60,65,71,79,80,89,98,99,108,111,124,132,138,140,149,153,160,165,174,177,184,192
170,0.4839176002891218,0.5178764897074756,0.38358670485288204,0.41722687764084265,1.29,0.001,7,12,23,27,30,39,46,50,60,65,71,79,80,89,98,99,108,111,124,132,138,140,149,153,160,165,174,177,184,192
171,0.4840380677026864,0.5178764897074756,0.38365205695120685,0.41722687764084265,1.3,0.001,7,12,23,27,30,39,46,50,60,65,71,79,80,89,98,99,108,111,124,132,138,140,149,153,160,165,174,177,184,192
172,0.4842790025298157,0.5178764897074756,0.3840361225985194,0.4174773116323003,1.3,0.001,7,12,23,27,30,39,46,50,60,65,71,79,80,89,97,99,108,111,124,132,138,140,149,153,160,165,174,177,184,192
173,0.48464040477050957,0.5178764897074756,0.384431420138015,0.41764414808471295,1.31,0.001,7,12,23,27,30,39,46,50,60,65,71,78,80,89,97,99,108,111,124,132,138,140,149,153,160,165,174,177,184,192
174,0.4839176002891218,0.5178764897074756,0.38371312218093223,0.4177275304791609,1.32,0.001,7,12,23,27,30,39,46,50,61,65,71,78,80,89,98,99,108,111,124,132,138,140,149,153,160,165,174,177,184,192
175,0.48464040477050957,0.5178764897074756,0.3845534015942451,0.4177275304791609,1.33,0.001,7,12,23,27,30,39,46,50,61,65,71,78,80,89,98,99,108,111,124,132,138,140,149,153,160,165,174,177,184,192
176,0.48415853511625107,0.5200433369447454,0.38423491319424474,0.4206762784002358,1.33,0.001,7,12,23,27,30,39,46,50,61,65,71,78,80,88,98,99,108,111,124,132,138,140,149,153,160,165,174,177,184,192
177,0.48536320925189735,0.5189599133261105,0.38542836059572594,0.4189528129204777,1.34,0.001,7,12,23,27,30,39,46,50,61,65,71,78,80,88,98,99,108,111,124,132,138,140,149,153,160,165,174,177,184,192
178,0.48488133959763885,0.5189599133261105,0.38545020683940956,0.41994958323366516,1.35,0.001,7,12,23,27,30,39,46,50,61,65,71,78,80,88,98,99,108,111,124,132,138,140,149,153,160,165,174,177,184,192
179,0.4878930249367546,0.5189599133261105,0.38812964381402615,0.4183697799577628,1.36,0.001,7,12,23,27,30,39,46,50,61,65,71,78,80,88,98,99,108,111,124,132,138,140,149,153,160,165,174,177,184,192
180,0.48464040477050957,0.5200433369447454,0.3856984911246708,0.4218345686902766,1.36,0.001,7,12,23,27,30,39,46,50,61,65,71,78,80,88,98,99,108,111,124,132,138,140,149,153,160,165,174,177,184,192
181,0.48970003614022406,0.5222101841820151,0.38969195399841017,0.4218213119434553,1.37,0.001,7,12,23,27,30,39,46,50,61,65,71,78,80,88,98,99,108,111,124,132,138,140,149,153,160,165,174,177,184,192
182,0.48536320925189735,0.5200433369447454,0.38653216480280717,0.4218411087827655,1.38,0.001,7,12,23,27,30,39,46,50,61,65,71,78,80,88,98,99,108,111,124,132,138,140,149,153,160,165,174,177,184,192
183,0.48777255752319,0.5211267605633803,0.38833166710664024,0.4219766362754058,1.39,0.001,7,12,23,27,30,39,46,50,61,65,71,78,80,88,98,99,108,111,124,132,138,140,149,153,160,165,174,177,184,192
184,0.4886158294181424,0.5222101841820151,0.38895260346172167,0.423072670990566,1.4,0.001,7,12,23,27,30,39,46,50,61,65,71,78,80,88,98,99,108,111,124,132,138,140,149,153,160,165,174,177,184,192
185,0.48560414407902663,0.52329360780065,0.386885956346232,0.42584814353513667,1.4,0.001,7,12,23,27,30,39,46,50,61,65,71,78,80,88,98,99,108,111,124,132,138,140,149,153,160,165,174,177,184,192
186,0.488736296831707,0.5243770314192849,0.3890039686578889,0.42552057266892473,1.41,0.001,7,12,23,27,30,39,46,50,61,65,71,78,80,89,98,99,108,111,124,132,138,140,149,153,160,165,174,177,184,192
187,0.4872906878689314,0.5254604550379198,0.3880996526000129,0.42764876355404424,1.42,0.001,7,12,23,27,30,39,46,50,61,65,71,78,80,89,98,99,108,111,124,132,138,140,149,153,160,165,174,177,184,192
188,0.4866883508011083,0.5243770314192849,0.38781913359037135,0.4269853436133565,1.43,0.001,7,12,23,27,30,39,46,50,61,65,71,78,80,89,98,99,108,111,124,132,138,140,149,153,160,165,174,177,184,192
189,0.4901819057944826,0.5265438786565547,0.3906091642515992,0.42789202100348067,1.43,0.001,7,12,23,27,30,39,46,50,61,65,71,78,80,89,98,99,108,111,125,132,138,140,149,153,160,165,174,177,184,192
190,0.4882544271774485,0.5243770314192849,0.3896077250125839,0.42650603432780254,1.44,0.001,7,12,23,27,30,39,46,50,61,65,71,78,80,89,98,99,108,111,125,131,138,140,149,153,160,165,174,177,184,192
191,0.4895795687266594,0.5265438786565547,0.39075785525261786,0.4287104340288598,1.45,0.001,7,12,23,27,30,39,46,50,61,65,71,78,80,89,98,99,108,111,125,131,138,140,149,153,160,165,174,177,184,192
192,0.4913865799301289,0.5297941495124594,0.39228610567062006,0.4320386560007259,1.46,0.001,7,12,23,27,30,39,46,50,61,65,71,78,80,89,97,99,108,111,125,131,138,140,149,153,160,165,174,177,184,192
193,0.48945910131309484,0.5308775731310943,0.39110054343710654,0.43470106239577244,1.46,0.001,7,12,23,27,30,39,46,50,61,65,71,78,80,89,97,99,108,111,125,131,138,140,149,153,160,165,174,177,184,192
194,0.49319359113359834,0.5308775731310943,0.39465230402525986,0.4334870838247301,1.47,0.001,7,12,23,27,30,39,46,50,61,65,71,78,80,89,98,99,108,111,125,131,138,140,149,153,160,165,174,177,184,192
195,0.4936754607878569,0.5287107258938245,0.39543621100619253,0.43119613076517693,1.48,0.001,7,12,23,27,30,39,46,50,61,65,71,78,80,89,98,99,108,111,125,131,138,140,149,153,160,165,174,177,184,192
196,0.49319359113359834,0.5308775731310943,0.39544653823131704,0.43445868308890534,1.49,0.001,7,12,23,27,30,39,46,50,61,65,71,78,80,89,98,99,108,111,125,131,138,140,149,153,160,165,174,177,184,192
197,0.49500060233706783,0.5330444203683641,0.39684059617423606,0.43602302901593626,1.49,0.001,7,12,23,27,30,39,46,50,61,65,71,78,80,89,98,99,108,111,125,131,138,140,149,153,160,165,174,177,184,192
198,0.4945187326828093,0.5341278439869989,0.39692435019288175,0.4380334498167794,1.5,0.001,7,12,23,27,30,39,46,50,61,65,71,78,80,89,98,99,108,111,125,131,138,140,149,153,160,165,174,177,184,192
199,0.4952415371641971,0.5352112676056338,0.3976788431299214,0.4392720691735371,1.51,0.001,7,12,23,27,30,39,46,50,61,65,71,78,80,89,98,99,108,111,125,131,138,140,149,153,160,165,174,177,184,192
200,0.4959643416455849,0.5362946912242686,0.39823444551740295,0.44033898929395654,1.52,0.001,7,12,23,27,30,39,46,50,61,65,71,78,80,89,98,99,108,112,125,131,138,140,149,153,160,165,174,177,184,192
201,0.49680761354053726,0.5384615384615384,0.39994022121162964,0.4435691006632769,1.53,0.001,7,12,23,27,30,39,46,50,61,65,71,78,80,89,98,99,108,112,125,131,138,140,149,153,160,165,174,177,184,192
202,0.49789182026261897,0.5362946912242686,0.4006438702463614,0.44043491070619156,1.53,0.001,7,12,23,27,30,39,46,50,61,65,71,78,80,89,98,99,108,112,125,131,138,140,149,153,160,165,174,177,184,192
203,0.4984941573304421,0.5373781148429035,0.401633544199248,0.4420394699586613,1.54,0.001,7,12,23,27,30,39,46,50,61,65,71,78,80,89,98,99,108,112,125,131,138,140,149,153,160,165,174,177,184,192
204,0.4992169618118299,0.5384615384615384,0.4027877095120964,0.4435848487893098,1.55,0.001,7,12,23,27,30,39,46,50,61,65,71,78,80,89,98,99,108,112,125,131,138,140,149,153,160,165,174,177,184,192
205,0.4994578966389592,0.5373781148429035,0.4026081401192457,0.44164028022752555,1.56,0.001,7,12,23,27,30,39,46,50,61,65,71,78,80,89,98,99,108,112,125,131,138,140,149,153,160,165,174,177,184,192
206,0.5015058426695579,0.5417118093174431,0.40564486133188005,0.4480203583925353,1.56,0.001,7,12,23,27,30,39,46,50,61,65,71,78,80,89,98,99,108,112,125,131,138,140,149,153,160,165,174,177,184,192
207,0.5005421033610409,0.5417118093174431,0.4040869559285113,0.4473100835768159,1.57,0.001,7,12,23,27,30,39,46,50,61,65,71,78,80,89,98,99,108,112,125,131,138,140,149,153,160,165,174,177,184,192
208,0.5017467774966872,0.5406283856988082,0.40576244137122386,0.4462410095101448,1.58,0.001,7,12,23,27,30,39,46,50,61,65,71,78,80,89,98,99,108,112,125,131,138,140,149,153,160,165,174,177,184,192
209,0.5025900493916395,0.5417118093174431,0.4069942227194442,0.4479477738563866,1.59,0.001,7,12,23,27,30,39,46,50,61,65,71,78,80,89,97,99,108,112,126,131,138,140,149,153,160,165,174,177,184,192
210,0.5016263100831225,0.542795232936078,0.4053959156118553,0.44886555781162674,1.59,0.001,7,12,23,27,30,39,46,50,61,65,71,78,80,89,97,99,108,112,126,131,138,140,149,153,160,165,174,177,184,192
211,0.5018672449102518,0.5395449620801733,0.40623382748408765,0.44581872328161776,1.6,0.001,7,12,23,27,30,39,46,50,61,65,71,78,80,89,97,99,108,112,126,131,138,140,149,153,160,165,174,177,184,192
212,0.5023491145645103,0.542795232936078,0.40644273037966594,0.44928323089735056,1.61,0.001,7,12,23,27,30,39,46,50,61,65,71,78,80,89,97,99,108,112,126,131,138,140,149,153,160,165,174,177,184,192
213,0.5024695819780749,0.542795232936078,0.4068803623941535,0.44981142736068935,1.62,0.001,7,12,23,27,30,39,46,50,61,65,71,78,80,89,98,99,108,112,126,131,138,140,149,153,160,165,174,177,184,192
214,0.5028309842187688,0.542795232936078,0.40728320546758856,0.4497329232647076,1.62,0.001,7,12,23,27,30,39,46,50,61,65,71,78,80,89,98,99,108,112,126,131,138,140,149,153,160,165,174,177,184,192
215,0.5040356583544151,0.5438786565547129,0.4087390290644747,0.4508801704804798,1.63,0.001,7,12,23,27,30,39,46,50,61,65,71,78,80,89,98,99,108,112,126,131,138,140,149,153,160,165,174,177,184,192
216,0.5048789302493676,0.5406283856988082,0.4099956211118474,0.4474403920632881,1.64,0.001,7,12,23,27,30,39,46,50,61,65,71,78,80,89,98,99,108,112,126,131,138,140,149,153,160,165,174,177,184,192
217,0.504758462835803,0.5449620801733478,0.40969032390044546,0.45196764904215203,1.65,0.001,7,12,23,27,30,39,46,50,61,65,71,78,80,89,98,99,108,113,126,131,138,140,149,153,160,165,174,177,184,192
218,0.5065654740392723,0.5438786565547129,0.41226118770240805,0.4513267713700345,1.66,0.001,7,12,23,27,30,39,46,50,61,65,71,78,80,89,98,99,108,113,126,131,138,140,149,153,160,165,174,177,184,192
219,0.5063245392121432,0.5460455037919827,0.4116243762059172,0.4535807032267727,1.66,0.001,7,12,23,27,30,39,46,50,61,65,71,78,80,89,98,99,108,113,126,131,138,140,149,153,160,165,174,177,184,192
220,0.5076496807613541,0.5460455037919827,0.4137132080755195,0.4543185419409276,1.67,0.001,7,12,23,27,30,39,46,50,61,65,71,78,80,89,98,99,108,113,126,131,138,140,149,153,160,165,174,177,184,192
221,0.5071678111070955,0.5471289274106176,0.41275913635033223,0.45515500969472555,1.68,0.001,7,12,23,27,30,39,46,50,61,65,71,78,80,89,98,99,108,113,126,131,138,140,149,153,160,165,174,177,184,192
222,0.508974822310565,0.5471289274106176,0.4154996079246486,0.45596401427020317,1.69,0.001,7,12,23,27,30,39,46,50,61,65,71,78,80,89,98,99,108,113,126,131,138,140,149,153,160,165,174,177,184,192
223,0.5088543548970004,0.5471289274106176,0.4149427537884951,0.45549872700278304,1.69,0.001,7,12,23,27,30,39,46,50,61,65,71,78,80,89,98,99,108,113,126,131,138,140,149,153,160,165,174,177,184,192
224,0.5105408986869052,0.5492957746478874,0.4175562757270581,0.4590620989294455,1.7,0.001,7,12,23,27,30,39,46,50,61,65,71,78,80,89,98,99,108,113,126,131,138,140,149,153,160,165,174,177,184,192
225,0.5100590290326467,0.5503791982665223,0.41653575799778875,0.4598419200857383,1.71,0.001,7,12,23,27,30,39,46,50,61,65,71,78,80,89,98,99,108,113,126,131,138,140,149,153,160,165,174,176,184,192
226,0.5124683773039392,0.5525460455037919,0.42035412560378005,0.4633244966542165,1.72,0.001,7,12,23,27,30,39,46,50,61,65,71,78,80,89,98,99,108,113,126,131,138,140,149,153,160,165,174,176,184,192
227,0.5123479098903747,0.5557963163596966,0.4193992668134431,0.46658002568219203,1.72,0.001,7,12,23,27,30,39,46,50,61,65,71,78,80,89,98,99,108,113,126,131,138,140,149,153,160,165,174,176,184,192
228,0.5141549210938441,0.5557963163596966,0.4228294162702124,0.467935983038289,1.73,0.001,7,12,23,27,30,39,46,50,61,65,71,78,80,89,97,99,108,113,127,131,138,140,149,153,160,165,174,176,184,192
229,0.5140344536802794,0.5568797399783315,0.42127562983923894,0.46770698059387283,1.74,0.001,7,12,23,27,30,39,46,50,61,65,71,78,80,89,97,99,108,113,127,131,138,140,149,153,160,165,174,176,184,192
230,0.5163233345380075,0.5547128927410617,0.42609781247770606,0.46739084652385254,1.75,0.001,7,12,23,27,30,39,46,50,61,65,71,78,80,89,97,99,108,113,127,131,138,140,149,153,160,165,174,176,184,192
231,0.514516323334538,0.5590465872156013,0.42178651093938724,0.4701604634073757,1.76,0.001,7,12,23,27,30,39,46,50,61,65,71,78,80,89,97,99,108,113,127,131,138,140,149,153,160,165,174,176,184,192
232,0.5186122153957354,0.5568797399783315,0.4289219817339992,0.4701462790221117,1.76,0.001,7,12,23,27,30,39,46,50,61,65,71,78,80,89,98,99,108,113,127,131,138,140,149,153,160,165,174,176,184,192
233,0.5184917479821708,0.5601300108342362,0.42741314006637543,0.47261596487277646,1.77,0.001,7,12,23,27,30,39,46,50,61,65,71,78,80,89,98,99,108,113,127,131,138,140,149,153,160,165,174,176,184,192
234,0.5193350198771233,0.5590465872156013,0.42903822709256745,0.47191377679187696,1.78,0.001,7,12,23,27,30,39,46,50,61,65,71,78,80,89,98,99,108,113,127,131,138,140,149,153,160,165,174,176,184,192
235,0.5211420310805926,0.5590465872156013,0.4318815052320092,0.47244403000794855,1.79,0.001,7,12,23,27,30,39,46,50,61,65,71,78,80,89,98,99,108,113,127,131,138,140,149,153,160,165,174,176,184,192
236,0.5206601614263342,0.562296858071506,0.4301063211433679,0.4753313194103437,1.79,0.001,7,12,23,27,30,39,46,50,61,65,71,78,80,89,98,99,108,113,127,131,138,140,149,153,160,165,174,176,184,192
237,0.5228285748704975,0.5590465872156013,0.4345636137454224,0.47350356196330545,1.8,0.001,7,12,23,27,30,39,46,50,61,65,71,78,80,89,98,99,108,113,127,131,138,140,149,153,160,165,174,176,184,192
238,0.5229490422840621,0.562296858071506,0.4333765443425367,0.4755372026362944,1.81,0.001,7,12,23,27,30,39,46,50,61,65,71,78,80,89,98,99,108,113,127,131,138,140,149,153,160,165,174,176,184,192
239,0.5247560534875316,0.562296858071506,0.43640572969682545,0.4769012361612228,1.82,0.001,7,12,23,27,30,39,46,50,61,65,71,78,80,89,98,99,108,113,127,131,138,140,149,153,160,165,174,176,184,192
240,0.5248765209010963,0.562296858071506,0.43669945979373403,0.4769012361612228,1.82,0.001,7,12,23,27,30,39,46,50,61,65,71,78,80,89,98,99,108,113,127,131,138,140,149,153,160,165,174,176,184,192
241,0.5251174557282255,0.5644637053087758,0.43639475124479565,0.47896311066799613,1.83,0.001,7,12,23,27,30,39,46,50,61,65,71,78,80,89,98,99,108,113,127,131,138,140,149,153,160,165,174,176,184,192
242,0.5274063365859535,0.5644637053087758,0.4404760918850982,0.48023892037575044,1.84,0.001,7,12,23,27,30,39,46,50,61,65,71,78,80,89,98,99,108,113,127,131,138,140,149,153,160,165,174,176,184,192
243,0.525599325382484,0.5655471289274107,0.4371627137006374,0.48021104844508367,1.85,0.001,7,12,23,27,30,39,46,50,61,65,71,78,80,89,98,99,108,113,127,131,138,140,149,153,160,165,174,176,184,192
244,0.5284905433080351,0.5666305525460456,0.44180500899989616,0.4826399933858634,1.86,0.001,7,12,24,27,30,39,46,50,61,65,71,78,80,89,98,99,108,114,127,131,138,140,149,153,160,165,174,176,184,192
245,0.5277677388266474,0.5655471289274107,0.44054497449203767,0.48106735610363427,1.86,0.001,7,12,24,27,30,39,46,50,61,65,71,78,80,89,98,99,108,114,127,131,138,140,149,153,160,165,174,176,184,192
246,0.5294542826165523,0.5687973997833152,0.4426452354734358,0.4848673093777388,1.87,0.001,7,12,24,27,30,39,46,50,61,65,71,78,80,89,98,99,108,114,128,131,138,140,149,153,160,165,174,176,184,192
247,0.5300566196843753,0.5644637053087758,0.4440400760456157,0.48075679760422063,1.88,0.001,7,11,24,27,30,39,46,50,61,65,71,78,80,89,97,99,108,114,128,131,138,140,149,153,160,165,174,176,184,192
248,0.5293338152029876,0.5677139761646804,0.4422183997236959,0.48324547162583686,1.89,0.001,7,11,24,27,30,39,46,50,61,65,71,78,80,89,97,99,108,114,128,131,138,140,149,153,160,165,174,176,184,192
249,0.5318636308878448,0.5687973997833152,0.44678124581486833,0.48674507568454206,1.89,0.001,7,11,24,27,30,39,46,50,61,65,71,78,80,89,97,99,108,114,128,131,138,140,149,153,160,165,174,176,184,192
250,0.5293338152029876,0.5655471289274107,0.44235653351688065,0.48080238470980186,1.9,0.001,7,11,24,27,30,39,46,50,61,65,71,78,80,89,98,99,108,114,128,131,138,140,149,153,160,165,174,176,184,192
251,0.5329478376099265,0.5720476706392199,0.44832511880054404,0.4907760467734321,1.91,0.001,7,11,24,27,30,39,46,50,61,65,71,78,80,89,98,99,108,114,128,131,138,140,149,153,160,165,174,176,184,192
252,0.5308998915793278,0.570964247020585,0.44467194396295096,0.4879183601417266,1.92,0.001,7,11,24,27,30,39,46,50,61,65,71,78,80,89,98,99,108,114,128,131,138,140,149,153,160,165,174,176,184,192
253,0.5330683050234911,0.5720476706392199,0.44812685851691203,0.4903104676586869,1.92,0.001,7,11,24,27,30,39,46,50,61,65,71,78,80,89,98,99,108,114,128,131,138,140,149,153,160,165,174,176,184,192
254,0.5333092398506204,0.5742145178764897,0.44828331031173596,0.4926705986178963,1.93,0.001,7,11,24,27,30,39,46,50,61,65,71,78,80,89,98,99,108,114,128,131,138,140,149,153,160,165,174,176,184,192
255,0.5335501746777497,0.5742145178764897,0.44846887196372553,0.49255278520377554,1.94,0.001,7,11,24,27,30,39,46,50,61,65,71,78,80,89,98,99,108,114,128,131,138,140,149,153,160,165,174,176,184,192
256,0.534754848813396,0.5731310942578548,0.4505853851408985,0.49218367081908443,1.95,0.001,7,11,24,27,30,39,46,50,61,65,71,78,80,89,98,99,108,114,128,131,138,140,149,153,160,165,174,176,184,192
257,0.5342729791591374,0.5731310942578548,0.44911747329946294,0.4908505937663633,1.96,0.001,7,11,24,27,30,39,46,50,61,65,71,78,80,89,98,99,108,114,128,131,138,140,149,153,161,165,174,176,184,192
258,0.5351162510540899,0.5731310942578548,0.45140806687508905,0.4925075287543994,1.96,0.001,7,11,24,27,30,39,46,50,61,65,71,78,80,89,98,99,108,114,128,131,138,140,149,153,161,165,174,176,184,192
259,0.5349957836405252,0.5720476706392199,0.45007250246148645,0.489767642996192,1.97,0.001,7,11,24,27,30,39,46,50,61,65,71,78,80,89,98,99,108,114,128,131,138,140,149,153,161,165,174,176,184,192
260,0.5359595229490423,0.5742145178764897,0.4525315806053626,0.49390646298603547,1.98,0.001,7,11,24,27,30,39,46,50,61,65,71,78,80,89,98,99,108,114,128,131,138,140,149,153,161,165,174,176,184,192
261,0.535718588121913,0.5720476706392199,0.4511893048380433,0.4904144780796529,1.99,0.001,7,11,24,27,30,39,46,50,61,65,71,78,80,89,98,99,108,114,128,131,138,140,149,153,161,165,174,176,184,192
262,0.5358390555354776,0.5752979414951246,0.4523667547890884,0.49508010957588877,1.99,0.001,7,11,24,27,30,39,46,50,61,65,71,78,80,89,98,99,108,114,128,131,138,140,149,153,161,165,174,176,184,192
263,0.5358390555354776,0.5720476706392199,0.45165794431346606,0.49065368334287995,2.0,0.001,7,11,24,27,30,39,46,50,61,65,71,78,80,89,98,99,108,114,128,131,138,140,149,153,161,165,174,176,184,192
264,0.5366823274304301,0.5742145178764897,0.45320711388070345,0.49362386454533647,2.01,0.001,7,11,24,27,30,39,46,50,61,65,71,78,80,89,98,99,108,114,128,131,138,140,149,153,161,165,174,176,184,192
265,0.5369232622575594,0.5720476706392199,0.4532665543502139,0.49079738321098565,2.02,0.001,7,11,24,27,30,39,46,50,61,65,71,78,80,89,98,99,108,114,128,131,138,140,149,153,161,165,174,176,184,192
266,0.5376460667389471,0.5742145178764897,0.4542856711208366,0.49340958605664487,2.02,0.001,7,11,24,27,30,39,46,50,61,65,71,78,80,89,98,99,108,114,128,131,138,140,149,153,161,165,174,176,184,192
267,0.5375255993253825,0.5731310942578548,0.4542505383848028,0.4922297589759199,2.03,0.001,7,11,24,27,30,39,46,50,61,65,71,78,80,89,98,99,108,114,128,131,138,140,149,153,161,165,174,176,184,192
268,0.5388507408745934,0.5731310942578548,0.45570343120717816,0.4920489036077096,2.04,0.001,7,11,24,27,30,39,46,50,61,65,71,78,80,89,98,99,108,115,128,131,138,140,149,153,161,165,174,176,184,192
269,0.538007468979641,0.5731310942578548,0.4551332339607497,0.4925124861671828,2.05,0.001,7,11,24,27,30,39,46,50,61,65,71,78,80,89,98,99,108,115,128,131,138,140,149,153,161,165,174,176,184,192
270,0.538971208288158,0.5731310942578548,0.4557718908756405,0.4918281565282522,2.06,0.001,7,11,24,27,30,39,46,50,61,65,71,78,80,89,98,99,108,115,128,131,138,140,149,153,161,165,174,176,184,192
271,0.5390916757017227,0.5752979414951246,0.45668324515081093,0.4952153610696831,2.06,0.001,7,11,24,27,30,39,46,50,61,65,71,78,80,89,98,99,108,115,129,131,138,140,149,153,161,165,174,175,184,192
272,0.538007468979641,0.5698808234019501,0.45445929506134397,0.4876516885510187,2.07,0.001,7,11,24,27,30,39,46,50,61,65,71,78,80,89,97,99,108,115,129,131,138,140,149,153,161,165,174,175,184,192
273,0.5424647632815324,0.5752979414951246,0.4610974344146176,0.4954666517925619,2.08,0.001,7,11,24,27,30,39,46,50,61,65,71,78,80,89,97,99,108,115,129,131,138,140,149,153,161,165,174,175,184,192
274,0.5394530779424166,0.5698808234019501,0.45602036693979187,0.4873276837818138,2.09,0.001,7,11,24,27,30,39,46,50,61,65,71,78,80,89,98,99,108,115,129,131,138,140,149,153,161,165,174,175,184,192
275,0.5466811227562944,0.5796316359696642,0.4667019493648038,0.5017654767900321,2.09,0.001,7,11,24,27,30,39,46,50,61,65,71,78,80,89,98,99,108,115,129,131,138,140,149,153,161,165,174,175,184,192
276,0.5400554150102397,0.5687973997833152,0.4561092185172283,0.48533281028902875,2.1,0.001,7,11,24,27,30,39,46,50,61,65,71,78,80,89,98,99,108,115,129,131,138,140,149,153,161,165,174,175,184,192
277,0.5486086013733286,0.5763813651137595,0.46943915977199147,0.4982056576358618,2.11,0.001,7,11,24,27,30,39,46,50,61,65,71,78,80,89,98,99,108,115,129,131,138,140,149,153,161,165,174,175,184,192
278,0.5423442958679677,0.5687973997833152,0.4593515891134352,0.48598022301233157,2.12,0.001,7,11,24,27,30,39,46,50,61,65,71,78,80,89,98,99,108,115,129,131,138,140,149,153,161,165,174,175,184,192
279,0.544512709312131,0.5742145178764897,0.4633887920765164,0.49422330421979044,2.13,0.001,7,11,24,27,30,39,46,50,61,65,71,78,80,89,98,99,108,115,129,131,138,140,149,153,161,165,174,175,184,192
280,0.5500542103361041,0.5839653304442037,0.47028735036166736,0.5062734112396239,2.13,0.001,7,11,24,27,30,39,46,50,61,65,71,78,80,89,98,99,108,115,129,131,138,140,149,153,161,165,174,175,184,192
281,0.5439103722443079,0.5720476706392199,0.46150659547452944,0.49004740264554036,2.14,0.001,7,11,24,27,30,39,46,50,61,65,71,78,80,89,98,99,108,115,129,131,138,140,149,153,161,165,174,175,184,192
282,0.5495723406818456,0.580715059588299,0.47007928141738586,0.5028379356419107,2.15,0.001,7,11,24,27,30,39,46,50,61,65,71,78,80,89,98,99,108,115,129,131,138,140,149,153,161,165,174,175,184,192
283,0.5488495362004577,0.581798483206934,0.4680419300875335,0.502637038029746,2.16,0.001,7,11,24,27,30,39,46,50,61,65,71,78,80,89,98,99,108,115,129,131,138,140,149,153,161,165,174,175,184,192
284,0.5457173834477774,0.5774647887323944,0.46460880314675157,0.4979917998493849,2.16,0.001,7,11,24,27,30,39,46,50,61,65,71,78,80,89,98,99,108,115,129,131,138,140,149,153,161,165,174,175,184,192
285,0.5521021563667028,0.5828819068255688,0.4725052871046025,0.5047047853472175,2.17,0.001,7,11,24,27,30,39,46,50,61,65,71,78,80,89,98,99,108,115,129,131,138,140,149,153,161,165,174,175,184,192
286,0.5505360799903626,0.5796316359696642,0.4703171924783578,0.5003934085924902,2.18,0.001,7,11,24,27,30,39,46,50,61,65,71,78,80,89,98,99,108,115,129,131,138,140,149,153,161,165,174,175,184,192
287,0.5489700036140224,0.5785482123510293,0.4688944056480385,0.49981889963417736,2.19,0.001,7,11,24,27,30,39,46,50,61,65,71,78,80,89,98,99,108,115,129,131,138,140,149,153,161,165,174,175,184,192
288,0.552704493434526,0.5861321776814734,0.4729969709341749,0.5081350659496258,2.2,0.001,7,11,24,27,30,39,46,50,61,65,71,78,80,89,98,99,108,115,129,131,138,140,149,153,161,165,174,175,184,192
289,0.5528249608480906,0.5785482123510293,0.47360785909704917,0.49978405759950073,2.2,0.001,7,11,24,27,30,39,46,50,61,65,71,78,80,89,98,99,108,115,129,131,138,140,149,153,161,165,174,175,184,192
290,0.5504156125767979,0.5742145178764897,0.4702887839900515,0.4937871036347956,2.21,0.001,7,11,24,27,30,39,46,50,61,65,71,78,80,89,98,99,108,115,129,131,138,140,149,153,161,165,174,175,184,192
291,0.5548729068786893,0.5850487540628385,0.4759215935026173,0.5073889772206298,2.22,0.001,7,11,24,27,30,39,46,50,61,65,71,78,80,89,98,99,108,115,129,131,138,140,149,153,161,165,174,175,184,192
292,0.5539091675701723,0.5796316359696642,0.4749535212824384,0.5012527035138369,2.23,0.001,7,11,24,27,30,39,46,50,61,65,71,78,80,89,98,99,108,115,129,131,138,140,149,153,161,165,174,175,184,192
293,0.5514998192988797,0.5796316359696642,0.4714432644759996,0.5003683159034342,2.23,0.001,7,11,24,27,30,39,46,50,61,65,71,78,80,89,98,99,108,115,129,131,138,140,149,153,161,165,174,175,184,192
294,0.5576436573906758,0.5828819068255688,0.47982836212722135,0.5053597453268394,2.24,0.001,7,11,24,27,30,39,46,50,61,65,71,78,80,89,97,99,108,115,129,131,138,140,149,153,161,165,174,175,184,192
295,0.5535477653294784,0.5774647887323944,0.4740611599896971,0.4980149018328166,2.25,0.001,7,11,24,27,30,39,46,50,61,65,71,78,80,89,97,99,108,115,129,131,138,140,149,153,161,165,174,175,184,192
296,0.5554752439465125,0.5850487540628385,0.4766942858114225,0.5076442036504434,2.26,0.001,7,11,24,27,30,39,46,50,61,65,71,78,80,89,97,99,108,115,129,131,138,140,149,153,161,165,174,175,184,192
297,0.5570413203228527,0.5839653304442037,0.4787326472573953,0.506552486018625,2.26,0.001,7,11,24,27,30,39,46,50,61,65,71,78,80,89,97,99,108,115,129,131,138,140,149,153,161,165,174,175,184,192
298,0.55463197205156,0.580715059588299,0.4755030855778717,0.5020568674000108,2.27,0.001,7,11,24,27,30,39,46,50,61,65,71,78,80,89,98,99,108,115,129,131,138,140,149,153,161,165,174,175,184,192
299,0.5578845922178051,0.5872156013001083,0.48003893682658105,0.5105520056674493,2.28,0.001,7,11,24,27,30,39,46,50,61,65,71,78,80,89,98,99,108,115,130,131,138,140,149,153,161,165,174,175,184,193
300,0.5569208529092881,0.5882990249187432,0.4782882265378795,0.5116082506095498,2.29,0.001,7,11,24,27,30,39,46,50,61,65,71,78,80,89,98,99,108,115,130,131,138,140,149,153,161,165,174,175,184,193
301,0.5571617877364173,0.5850487540628385,0.47908306324084604,0.5078285978414621,2.3,0.001,7,11,24,27,30,39,46,50,61,65,71,78,80,89,98,99,108,115,130,131,138,140,149,153,161,165,174,175,184,193
302,0.5600530056619685,0.5893824485373781,0.48228195375244276,0.5130575797437342,2.3,0.001,7,11,24,27,30,39,46,50,61,65,71,78,80,89,98,99,108,115,130,131,138,140,149,153,161,165,174,175,184,193
303,0.5593302011805806,0.5882990249187432,0.4818306964171899,0.5120464998511405,2.31,0.001,7,11,24,27,30,39,46,50,61,65,71,78,80,89,98,99,108,115,130,131,138,140,149,153,161,165,174,175,184,193
304,0.5588483315263222,0.5893824485373781,0.4808902292098012,0.513096212412242,2.32,0.001,7,11,24,27,30,39,46,50,61,65,71,78,80,89,98,99,108,115,130,131,138,140,149,153,161,165,174,175,184,193
305,0.5618600168654379,0.590465872156013,0.4849191980959229,0.5145768578989401,2.33,0.001,7,11,24,27,30,39,46,50,61,65,71,78,80,89,98,99,108,115,130,131,138,140,149,153,161,165,174,175,184,193
306,0.5602939404890978,0.590465872156013,0.4829141329396889,0.5146943453755377,2.33,0.001,7,11,24,27,30,39,46,50,61,65,71,78,80,89,98,99,108,115,130,131,138,140,149,153,161,164,174,175,184,193
307,0.5617395494518733,0.5915492957746479,0.48463151225092105,0.5161108198572408,2.34,0.001,7,11,24,27,30,39,46,50,61,65,71,78,80,89,98,99,108,116,130,131,138,140,149,153,161,164,174,175,184,193
308,0.563787495482472,0.5915492957746479,0.48738601842628526,0.5162144238509483,2.35,0.001,7,11,24,27,30,39,46,50,61,65,71,78,80,89,98,99,108,116,130,131,138,140,149,153,161,164,174,175,184,193
309,0.5616190820383087,0.5915492957746479,0.4844623118480075,0.5156770855805888,2.36,0.001,7,11,24,27,30,39,46,50,61,65,71,78,80,89,98,99,108,116,130,131,138,140,149,153,161,164,174,175,184,193
310,0.5659559089266354,0.5926327193932828,0.4902663785473722,0.5177042003960671,2.36,0.001,7,11,24,27,30,39,46,50,61,65,71,78,80,89,98,99,108,116,130,131,138,140,149,153,161,164,174,175,184,193
311,0.5636670280689073,0.5915492957746479,0.4869359737477523,0.5159270491347171,2.37,0.001,7,11,24,27,30,39,46,50,61,65,71,78,80,89,98,99,108,116,130,131,138,140,149,153,161,164,174,175,184,193
312,0.5667991808215878,0.5915492957746479,0.4914518534979624,0.5164893646585409,2.38,0.001,7,11,24,27,30,39,46,50,61,65,71,78,80,89,98,99,108,116,130,131,138,140,149,153,161,164,174,175,184,193
313,0.5663173111673292,0.5969664138678223,0.4899650248272456,0.5221889168134795,2.39,0.001,7,11,24,27,30,39,46,50,61,65,71,78,80,89,98,99,108,116,130,131,138,140,149,153,161,164,174,175,184,193
314,0.5672810504758463,0.5915492957746479,0.4924523000663551,0.5167935189389679,2.4,0.001,7,11,24,27,30,39,46,50,61,65,71,78,80,89,98,99,108,116,130,131,138,140,149,153,161,164,174,175,184,193
315,0.5659559089266354,0.5991332611050921,0.48912717338928224,0.5241625017590842,2.4,0.001,7,11,24,27,30,39,46,50,61,65,71,78,80,89,97,99,108,116,130,131,138,140,149,153,161,164,174,175,184,193
316,0.5718588121913023,0.5958829902491874,0.4988643497445727,0.5226918880399505,2.41,0.001,7,11,24,27,30,39,46,50,61,65,71,78,80,89,97,99,108,116,130,131,138,140,149,153,161,164,174,175,184,193
317,0.5659559089266354,0.5991332611050921,0.48854108816132413,0.5232804048159135,2.42,0.001,7,11,24,27,30,39,46,50,61,65,71,78,80,89,97,99,108,116,130,131,138,140,149,153,161,164,174,175,184,193
318,0.5757137694253704,0.5991332611050921,0.5039579026322765,0.5267866916637916,2.43,0.001,7,11,24,27,30,39,46,50,61,65,71,78,80,89,98,99,108,116,130,131,138,140,149,153,161,164,174,175,184,193
319,0.5686061920250572,0.5980498374864572,0.492302006468897,0.5226736065614903,2.43,0.001,7,11,24,27,30,39,46,50,61,65,71,78,80,89,98,99,108,116,130,131,138,140,149,153,161,164,174,175,184,193
320,0.5727020840862547,0.5947995666305526,0.49892050655652953,0.5208788463406848,2.44,0.001,7,11,24,27,30,39,46,50,61,65,71,78,80,89,98,99,108,116,130,131,138,140,149,153,161,164,174,175,184,193
321,0.5736658233947717,0.5947995666305526,0.5001365055063403,0.5209260562256354,2.45,0.001,7,11,24,27,30,39,46,50,61,65,71,78,80,89,98,99,108,116,130,131,138,140,149,153,161,164,174,175,184,193
322,0.5707746054692205,0.600216684723727,0.49511086646229463,0.5254207766619616,2.46,0.001,7,11,24,27,30,39,46,50,61,65,71,78,80,89,98,99,108,116,130,131,138,140,149,153,161,164,174,175,184,193
323,0.578123117696663,0.6013001083423619,0.5066430023588729,0.5291083997277217,2.47,0.001,7,11,24,27,30,39,46,50,61,65,71,78,80,89,98,99,108,116,130,131,138,140,149,153,161,164,174,175,184,193
324,0.5722202144319961,0.6034669555796316,0.4971536590150286,0.5296651583710408,2.47,0.001,7,11,24,27,30,39,46,50,61,65,71,78,80,89,98,99,108,116,130,131,138,140,149,153,161,164,174,175,184,193
325,0.576195639079629,0.5926327193932828,0.5031779399157504,0.5182565241532482,2.48,0.001,7,11,24,27,30,39,46,50,61,65,71,78,80,89,98,99,108,116,130,131,138,140,149,153,161,164,174,175,184,193
326,0.5780026502830984,0.5969664138678223,0.5057010015612071,0.5234456215640038,2.49,0.001,7,11,24,27,30,39,46,50,61,65,71,78,80,89,98,99,108,116,130,131,138,140,149,153,161,164,174,175,184,193
327,0.5753523671846765,0.6045503791982665,0.5009309375719221,0.5308417956673592,2.5,0.001,7,11,24,27,30,39,46,50,61,66,71,78,80,89,98,99,108,116,130,131,138,140,149,153,161,164,174,175,184,193
328,0.5814962052764727,0.5991332611050921,0.510479121048349,0.5265938349489665,2.5,0.001,7,11,24,27,30,39,46,50,61,66,71,78,80,89,98,99,108,116,130,131,138,140,149,153,161,164,174,175,184,193
329,0.5800505963136972,0.6023835319609967,0.5069920669730441,0.5290567538183911,2.51,0.001,7,11,24,27,30,39,46,50,61,66,71,78,80,89,98,99,108,116,130,131,138,140,149,153,161,164,174,175,184,193
330,0.5792073244187448,0.5969664138678223,0.5067113902139195,0.5231477945189689,2.52,0.001,7,11,24,27,30,39,46,50,61,66,71,78,80,89,98,99,108,116,130,131,138,140,149,153,161,164,174,175,184,193
331,0.5834236838935069,0.600216684723727,0.5124406467224436,0.5275838584528405,2.53,0.001,7,11,24,27,30,39,46,50,61,66,71,78,80,89,98,108,116,130,131,138,140,149,153,161,164,174,175,184,193
332,0.5799301289001325,0.6034669555796316,0.506866537638515,0.5298876967394481,2.54,0.001,7,11,24,27,30,39,46,50,61,66,71,78,80,89,98,108,116,130,131,138,140,149,153,161,164,174,175,184,193
333,0.5847488254427178,0.5980498374864572,0.5143160636470919,0.525276848940571,2.54,0.001,7,11,24,27,30,39,46,50,61,66,71,78,80,89,98,108,116,130,131,138,140,149,153,161,164,174,175,184,193
334,0.5843874232020239,0.6034669555796316,0.5127649311817224,0.5304555228303489,2.55,0.001,7,11,24,27,30,39,46,50,61,66,71,78,80,89,98,108,116,130,131,138,140,149,153,161,164,174,175,184,193
335,0.5830622816528129,0.600216684723727,0.5115483063106903,0.5271069950848352,2.56,0.001,7,11,24,27,30,39,46,50,61,66,71,78,80,89,98,108,116,130,131,138,140,149,153,161,164,174,175,184,193
336,0.5866763040597518,0.6034669555796316,0.5163263517762577,0.5315519945419979,2.57,0.001,7,11,24,27,30,39,46,50,61,66,71,78,80,89,98,108,116,130,131,138,140,149,153,161,164,174,175,183,193
337,0.5835441513070715,0.6034669555796316,0.5116886411871984,0.5299661894227157,2.57,0.001,7,11,24,27,30,39,46,50,61,66,71,78,80,89,98,108,116,130,131,138,140,149,153,161,164,174,175,183,193
338,0.5878809781953982,0.6056338028169014,0.5180594314012772,0.5344191325339273,2.58,0.001,7,11,24,27,30,39,46,50,61,66,71,78,80,89,98,108,116,130,131,138,140,149,153,161,164,174,175,183,193
339,0.5865558366461872,0.6056338028169014,0.5155775176188947,0.5332548876870435,2.59,0.001,7,11,24,27,30,39,46,50,61,66,71,78,80,89,98,108,116,130,131,138,140,149,153,161,164,174,175,183,193
340,0.5867967714733164,0.6056338028169014,0.5164188291150125,0.5338422646054117,2.6,0.001,7,11,24,27,30,39,46,50,61,66,71,78,80,89,98,108,116,130,131,138,140,149,153,161,164,174,175,183,193
341,0.5901698590531261,0.6110509209100758,0.5204046412328073,0.5404043136031069,2.6,0.001,7,11,24,27,30,39,46,50,61,66,71,78,80,89,98,108,116,130,131,138,140,149,153,161,164,174,175,183,193
342,0.5871581737140104,0.6078006500541712,0.5165366076739635,0.535985734858911,2.61,0.001,7,11,24,27,30,39,46,50,61,66,71,78,80,89,98,108,117,130,131,138,140,149,153,161,164,174,175,183,193
343,0.5916154680159017,0.6164680390032503,0.5224548251325589,0.5473835566341966,2.62,0.001,7,11,24,27,30,39,46,50,61,66,71,78,80,89,98,108,117,130,131,138,140,149,153,161,164,174,175,183,193
344,0.5911335983616431,0.6153846153846154,0.521338690258176,0.5452230130354645,2.63,0.001,7,11,24,27,30,39,46,50,61,66,71,78,80,89,98,108,117,130,131,138,140,149,153,161,164,174,175,183,193
345,0.5924587399108541,0.6153846153846154,0.5234389737529219,0.5458564852993967,2.64,0.001,7,11,24,27,30,39,46,50,61,66,71,78,80,89,97,98,108,117,130,131,138,140,149,153,161,164,174,175,183,193
346,0.593783881460065,0.6208017334777898,0.524722567494353,0.5520759384151211,2.64,0.001,7,11,24,27,31,39,46,50,61,66,71,78,80,89,97,98,108,117,130,131,138,140,149,153,161,164,174,175,183,193
347,0.592820142151548,0.6164680390032503,0.5238018781948648,0.5472022860088663,2.65,0.001,7,11,24,27,31,39,46,50,61,66,71,78,80,89,97,98,108,117,130,131,138,140,149,153,161,164,174,175,183,193
348,0.596434164558487,0.6240520043336945,0.5280148145269061,0.556248155542655,2.66,0.001,7,10,24,27,31,39,46,50,61,66,71,78,80,89,97,98,108,117,130,131,138,140,149,153,161,164,174,175,183,193
349,0.5952294904228406,0.6197183098591549,0.5267894118584591,0.5510949208531017,2.67,0.001,7,10,24,27,31,39,46,50,61,66,71,78,80,89,98,108,117,130,131,138,140,149,153,161,164,174,175,183,193
350,0.5972774364534393,0.6251354279523293,0.5291322558684115,0.5578290065766701,2.67,0.001,7,10,24,27,31,39,46,50,61,66,71,78,80,89,98,108,117,130,131,138,140,149,153,161,164,174,175,183,193
351,0.5995663173111673,0.6240520043336945,0.5320282043646529,0.5566013965877187,2.68,0.001,7,10,24,27,31,39,46,50,61,66,71,78,80,89,98,108,117,129,131,138,140,149,153,161,164,174,175,183,193
352,0.5999277195518612,0.6240520043336945,0.532286994328834,0.5561786698150335,2.69,0.001,7,10,24,27,31,39,46,50,61,66,71,78,80,89,98,108,117,129,131,138,140,149,153,161,164,174,175,183,193
353,0.6018551981688953,0.6273022751895991,0.5349000134724836,0.5607601398320854,2.7,0.001,7,10,24,27,31,39,46,50,61,66,71,78,80,89,98,108,117,129,131,138,140,149,153,161,164,174,175,183,193
354,0.6004095892061198,0.6273022751895991,0.5329797167787242,0.5601882184763833,2.71,0.001,7,10,24,27,31,39,46,50,61,66,71,78,80,89,98,108,117,129,131,138,140,149,153,161,164,174,175,183,193
355,0.6030598723045416,0.6316359696641387,0.5363357850491377,0.5658561689317809,2.71,0.001,7,10,24,27,31,39,46,50,61,66,71,78,80,89,98,108,117,129,131,138,140,149,153,161,164,174,175,183,193
356,0.6024575352367185,0.628385698808234,0.535567544385171,0.5616149083804252,2.72,0.001,7,10,24,27,31,39,46,50,61,66,71,78,80,89,98,108,117,129,131,138,140,149,153,161,164,174,175,183,193
357,0.6045054812673172,0.6359696641386782,0.5381195657234479,0.5709714592432016,2.73,0.001,7,10,24,27,31,39,46,50,61,66,71,78,80,89,98,108,117,129,131,138,140,149,153,161,164,174,175,183,193
358,0.6049873509215757,0.6370530877573131,0.5387075568552823,0.5721216582923612,2.74,0.001,7,10,24,27,31,39,46,50,61,66,71,78,80,89,98,108,117,129,131,138,140,149,153,161,164,174,175,183,193
359,0.605228285748705,0.6348862405200434,0.5389559767024303,0.5695218878144847,2.74,0.001,7,10,24,27,31,39,46,50,61,66,71,78,80,89,98,108,117,129,131,138,140,149,153,161,164,174,175,183,193
360,0.606553427297916,0.6446370530877573,0.5407363463582511,0.5817817624224675,2.75,0.001,7,10,24,27,31,39,46,50,61,66,71,78,80,89,98,108,117,129,131,138,140,149,153,161,164,174,175,183,193
361,0.606553427297916,0.6413867822318526,0.5404938491816722,0.5774849878713617,2.76,0.001,7,10,24,27,31,39,46,50,61,66,71,78,80,89,98,108,118,129,131,138,140,149,153,161,164,174,175,183,193
362,0.6092037103963378,0.647887323943662,0.543971456416639,0.5859249688727661,2.77,0.001,7,10,24,27,31,39,46,50,61,66,71,78,80,89,98,108,118,129,131,138,140,149,153,161,164,174,175,183,193
363,0.6076376340199976,0.6435536294691224,0.5416952947937097,0.5801407241389323,2.78,0.001,7,10,24,27,31,39,46,50,61,66,71,78,80,89,98,108,118,129,131,138,140,149,153,161,164,174,175,183,193
364,0.6110107215998073,0.647887323943662,0.5463838545394508,0.5862470862470863,2.78,0.001,7,10,24,27,31,39,46,50,61,66,71,78,80,89,98,108,118,129,131,138,140,149,153,161,164,174,175,183,193
365,0.6072762317793037,0.6413867822318526,0.5409882402286483,0.5768793444194076,2.79,0.001,7,10,24,27,31,39,46,50,61,66,71,78,80,89,98,108,118,129,131,138,140,149,153,161,164,174,175,183,193
366,0.6157089507288278,0.6500541711809318,0.5527560484496843,0.5895998953794902,2.8,0.001,7,10,24,27,31,39,46,50,61,66,71,78,80,89,98,108,118,129,131,138,140,149,153,161,164,174,175,183,193
367,0.60848090591495,0.6305525460455038,0.5415535663897881,0.5623852930380522,2.81,0.001,7,10,24,27,31,39,46,50,61,66,71,78,80,89,98,108,118,129,131,138,140,149,153,161,164,174,175,183,193
368,0.6234188651969642,0.6468039003250271,0.5632932865958711,0.5868913677707226,2.81,0.001,7,10,24,27,31,39,46,50,61,66,71,78,80,89,98,108,118,129,131,138,140,149,153,161,163,174,175,183,193
369,0.6077581014335622,0.6305525460455038,0.5399118337536104,0.5617412106097885,2.82,0.001,7,10,24,27,31,39,46,50,61,66,71,78,80,89,98,108,118,129,131,138,140,149,153,161,163,174,175,183,193
370,0.6228165281291411,0.6500541711809318,0.5621711242039447,0.5903414634146341,2.83,0.001,7,10,24,27,31,39,46,50,61,66,71,78,80,89,98,108,118,129,131,138,140,149,153,161,163,174,175,183,193
371,0.6165522226237803,0.647887323943662,0.552638004401309,0.5856767567388386,2.84,0.001,7,10,24,27,31,39,46,50,61,66,71,78,80,89,98,108,118,129,131,138,140,149,153,161,163,174,175,183,193
372,0.6137814721117938,0.6403033586132177,0.5480713461250526,0.5748160851599942,2.85,0.001,7,10,24,27,31,39,46,50,61,66,71,78,80,89,98,108,118,129,131,138,140,149,153,161,163,174,175,183,193
373,0.62643055053608,0.6522210184182016,0.5667428174867624,0.5930569862787918,2.85,0.001,7,10,24,27,31,39,46,50,61,66,71,78,80,89,98,108,118,129,131,138,140,149,153,161,163,174,175,183,193
374,0.6169136248644742,0.6392199349945829,0.552312527379268,0.5744641672908414,2.86,0.001,7,10,24,27,31,39,46,50,61,66,71,78,80,89,98,108,118,129,131,138,140,149,153,161,163,174,175,183,193
375,0.6200457776171545,0.6489707475622969,0.5565085817842357,0.5864569533676464,2.87,0.001,7,10,24,27,31,39,46,50,61,66,71,78,80,89,98,108,118,129,131,138,140,149,153,161,163,174,175,183,193
376,0.6282375617395495,0.6522210184182016,0.568379391098335,0.5927885210077104,2.88,0.001,7,10,24,27,31,39,46,50,61,66,71,78,80,89,98,108,118,129,131,138,140,149,153,161,163,174,175,183,193
377,0.6189615708950729,0.6403033586132177,0.5546134974347505,0.5752580863355621,2.88,0.001,7,10,24,27,31,39,46,50,61,66,71,78,80,89,98,108,118,129,131,138,140,149,153,161,163,174,175,183,193
378,0.6243826045054812,0.6500541711809318,0.562325084459828,0.5886383612262103,2.89,0.001,7,10,24,27,31,39,46,50,61,66,71,78,80,89,98,107,118,129,131,138,140,149,153,161,163,175,183,193
379,0.6282375617395495,0.6554712892741061,0.568062955142387,0.596598671244286,2.9,0.001,7,10,24,27,31,39,46,50,61,66,71,78,80,89,98,107,118,129,131,138,140,149,153,161,163,175,183,193
380,0.6210095169256716,0.6435536294691224,0.5571355430385014,0.5792716465885711,2.91,0.001,7,10,24,27,31,39,46,50,61,66,71,78,80,89,98,107,118,129,131,138,140,149,153,161,163,175,183,193
381,0.627394289844597,0.6533044420368364,0.5662684105806548,0.5928691449783381,2.92,0.001,7,10,24,27,31,39,46,50,61,66,71,78,80,89,98,107,118,129,131,138,140,149,153,161,163,175,183,193
382,0.6294422358751958,0.6576381365113759,0.569232271478584,0.5988457814356762,2.92,0.001,7,10,24,27,31,39,46,50,61,66,71,78,80,89,98,107,118,129,131,138,140,149,153,161,163,175,183,193
383,0.6239007348512228,0.6457204767063922,0.5607200898082458,0.5819022539413845,2.93,0.001,7,10,24,27,31,39,46,50,61,66,71,78,80,89,98,107,118,129,131,138,140,149,153,161,163,175,183,193
384,0.6287194313938079,0.6554712892741061,0.5680718468333746,0.5960935091813818,2.94,0.001,7,10,24,27,31,39,46,50,61,66,71,78,80,89,98,107,118,129,131,138,140,149,153,161,163,175,183,193
385,0.6314901819057945,0.6554712892741061,0.5713586284615338,0.5959906566111908,2.95,0.001,7,10,24,27,31,39,46,50,61,66,71,78,80,89,98,107,118,129,131,138,140,149,153,161,163,175,183,193
386,0.6276352246717263,0.6489707475622969,0.5654380930539391,0.5860465180661352,2.95,0.001,7,10,24,27,31,39,46,50,61,66,71,78,80,89,98,107,118,129,131,138,140,149,153,161,163,175,183,193
387,0.631972051560053,0.6576381365113759,0.5720921463762115,0.5988457814356762,2.96,0.001,7,10,24,27,31,39,46,50,61,66,71,78,80,89,98,107,118,129,131,138,140,149,153,161,163,175,183,193
388,0.6320925189736176,0.6576381365113759,0.5719220271999954,0.5983707237005171,2.97,0.001,7,10,24,27,31,39,46,50,61,66,71,78,80,89,98,107,118,129,131,138,140,149,153,161,163,175,183,193
389,0.6290808336345018,0.6489707475622969,0.5673974574246545,0.5862057514317698,2.98,0.001,7,10,24,27,31,39,46,50,61,66,71,78,80,89,98,107,118,129,131,138,140,149,153,161,163,175,183,193
390,0.6358270087941212,0.6630552546045504,0.5768103466899204,0.6054742368641679,2.99,0.001,7,10,24,27,31,39,46,50,61,66,71,78,80,89,98,107,118,129,131,138,140,149,153,161,163,175,183,193
391,0.6341404650042164,0.6587215601300108,0.5742322106663929,0.5994144392394599,2.99,0.001,7,10,24,27,31,39,46,50,61,66,71,78,80,89,98,107,118,129,131,138,140,149,153,161,163,175,183,193
392,0.6325743886278762,0.6522210184182016,0.5717109029606378,0.5903880131503637,3.0,0.001,7,10,24,27,31,39,46,50,61,66,71,78,80,89,98,107,118,129,131,138,140,149,153,161,163,175,183,193
393,0.6385977593061077,0.6630552546045504,0.5800557810980178,0.6053988516064999,3.01,0.001,7,10,24,27,31,39,46,50,61,66,71,78,80,89,98,107,119,129,131,138,140,149,153,161,163,175,183,193
394,0.6363088784483797,0.6608884073672806,0.5767740856175985,0.6018832407284914,3.02,0.001,7,10,24,27,31,39,46,50,61,66,71,78,80,89,98,107,119,129,131,138,140,149,153,161,163,175,183,193
395,0.6357065413805566,0.6608884073672806,0.5757005168101436,0.6013129531648049,3.02,0.001,7,10,24,27,31,39,46,50,61,66,71,78,80,89,98,107,119,129,131,138,140,149,153,161,163,175,183,193
396,0.6400433682688833,0.6663055254604551,0.5817164920993159,0.6091961607513534,3.03,0.001,7,10,24,27,31,39,46,50,61,66,71,78,80,89,98,107,119,129,131,138,140,149,153,161,163,175,183,193
397,0.6385977593061077,0.6641386782231853,0.579421971460311,0.6058131301024696,3.04,0.001,7,10,24,27,31,39,46,50,61,66,71,78,80,89,98,107,119,129,131,138,140,149,153,161,163,175,183,193
398,0.6395614986146247,0.66738894907909,0.580488632612522,0.609395375509,3.05,0.001,7,10,24,27,31,39,46,50,61,66,71,78,80,89,98,107,119,129,131,138,140,149,153,161,163,175,183,193
399,0.6432959884351283,0.6684723726977249,0.5855112256395153,0.6115613709598672,3.06,0.001,7,10,24,27,31,39,46,50,61,66,71,78,80,89,98,107,119,129,131,138,140,149,153,161,163,175,183,193
400,0.6396819660281894,0.6652221018418202,0.5806643858170764,0.6068713127860175,3.06,0.001,7,10,24,27,31,39,46,50,61,66,71,78,80,89,98,107,119,129,131,138,140,149,153,161,163,175,183,193
401,0.6425731839537405,0.6706392199349945,0.5843825848727384,0.6135830930208859,3.07,0.001,7,10,24,27,31,39,46,50,61,66,71,78,80,89,98,107,119,129,131,138,140,149,153,161,163,175,183,193
402,0.6451029996385977,0.6706392199349945,0.5875623640263485,0.6135857537702629,3.08,0.001,7,10,24,27,31,39,46,50,61,66,71,78,80,89,98,107,119,129,131,138,140,149,153,161,163,175,183,193
403,0.6412480424045296,0.6684723726977249,0.5825894508357581,0.6107041942909126,3.09,0.001,7,10,24,27,31,39,46,50,61,66,71,78,80,89,98,107,119,129,131,138,140,149,153,161,163,175,183,193
404,0.6469100108420672,0.6706392199349945,0.5896692446762872,0.6137389511185509,3.09,0.001,7,10,24,27,31,39,46,50,61,66,71,78,80,89,98,107,119,129,131,138,140,149,153,161,163,175,183,193
405,0.6465486086013733,0.6706392199349945,0.5891806967166922,0.6136288528057459,3.1,0.001,7,10,24,27,31,39,46,50,61,66,71,78,80,89,98,107,119,129,131,138,140,149,153,161,163,175,176,183,193
406,0.6451029996385977,0.6695557963163596,0.5873721994231722,0.6122740738802341,3.11,0.001,7,10,24,27,31,39,46,50,61,66,71,78,80,89,98,107,119,129,131,138,140,149,153,161,163,175,176,183,193
407,0.6491988916997952,0.6728060671722643,0.5925265847509389,0.6164638769144403,3.12,0.001,7,10,24,27,31,39,46,50,61,66,71,78,80,89,98,107,119,129,131,138,140,149,153,161,163,175,176,183,193
408,0.647632815323455,0.6706392199349945,0.5903056367693107,0.6136038458943205,3.13,0.001,7,10,24,27,31,39,46,50,61,66,71,78,80,89,98,107,119,129,131,138,140,149,153,161,163,175,176,183,193
409,0.6502830984218769,0.6717226435536294,0.5936363485055642,0.615042402335604,3.13,0.001,7,10,24,27,31,39,46,50,61,66,71,78,80,89,98,107,119,129,131,138,140,149,153,161,163,175,176,183,193
410,0.6518491747982171,0.6728060671722643,0.5955881175388489,0.6164918440574989,3.14,0.001,7,10,24,27,31,39,46,50,61,66,71,78,80,89,98,107,119,129,131,138,140,149,153,161,163,175,176,183,193
411,0.6510059029032647,0.6706392199349945,0.5942985749954985,0.6135272088183319,3.15,0.001,7,10,24,27,31,39,46,50,61,66,71,78,80,89,98,107,119,129,131,138,140,149,153,161,163,175,176,183,193
412,0.6541380556559451,0.6738894907908992,0.5983881344565039,0.6180034979073055,3.16,0.001,7,10,24,27,31,39,46,50,61,66,71,78,80,89,98,107,119,129,131,138,140,149,153,161,163,175,176,183,193
413,0.6531743163474281,0.6728060671722643,0.5969624032776628,0.6163931493370216,3.16,0.001,7,10,24,27,31,39,46,50,61,66,71,78,80,89,98,107,119,129,131,138,140,149,153,161,163,175,176,183,193
414,0.654499457896639,0.6728060671722643,0.5986784165623605,0.6165878511280388,3.17,0.001,7,10,24,27,31,39,46,50,61,66,71,78,80,89,98,107,119,129,130,138,140,149,153,161,163,175,176,183,193
415,0.656426936513673,0.6782231852654388,0.6011236862786657,0.6235177947037511,3.18,0.001,7,10,24,27,31,39,46,50,61,66,71,78,80,89,98,107,119,129,130,138,140,149,153,161,163,175,176,183,193
416,0.655463197205156,0.6728060671722643,0.5996752056977745,0.6165039794732099,3.19,0.001,7,10,24,27,31,39,46,50,61,66,71,78,80,89,98,107,119,129,130,138,140,149,153,161,163,175,176,183,193
417,0.6587158173714011,0.6771397616468039,0.6039374991221248,0.6221624821936099,3.2,0.001,7,10,24,27,31,39,46,50,61,66,71,78,80,89,98,107,119,129,130,138,140,149,153,161,163,175,176,183,193
418,0.6585953499578364,0.6793066088840737,0.6036541935431696,0.6247828350040445,3.21,0.001,7,10,24,27,31,39,46,50,61,66,71,78,80,89,98,107,119,129,130,138,140,149,153,161,163,175,176,183,193
419,0.6598000240934827,0.676056338028169,0.6050615483872815,0.6206798917473132,3.22,0.001,7,10,24,27,31,39,46,50,61,66,71,78,80,89,98,107,119,129,130,138,140,149,153,161,163,175,176,183,193
420,0.6625707746054692,0.6803900325027086,0.6084446754483399,0.6261839419104795,3.23,0.001,7,10,24,27,31,39,46,50,61,66,71,78,80,89,98,107,119,129,130,138,140,149,153,161,163,175,176,183,193
421,0.6626912420190338,0.6825568797399784,0.6086395511468039,0.6286963685041532,3.23,0.001,7,10,24,27,31,39,46,50,61,66,71,78,80,89,98,107,120,129,130,138,140,149,153,161,163,175,176,183,193
422,0.6634140465004217,0.6847237269772481,0.6094241680061543,0.6311082971207568,3.24,0.001,7,10,24,27,31,39,46,50,61,66,71,78,80,89,98,107,120,129,130,138,140,149,153,161,163,175,176,183,193
423,0.6647391880496326,0.6836403033586133,0.6111219863707682,0.6300905846829536,3.25,0.001,7,10,24,27,31,39,46,50,61,66,71,78,80,89,98,107,120,129,138,140,149,153,161,163,175,176,183,193
424,0.6666666666666666,0.6847237269772481,0.6134091371563114,0.6312556716854362,3.26,0.001,7,10,24,27,31,39,46,50,61,66,71,78,80,89,98,107,120,129,138,140,149,153,161,163,175,176,183,193
425,0.6661847970124082,0.685807150595883,0.6126931293889388,0.6324955893155029,3.27,0.001,7,10,24,27,31,39,46,50,61,66,71,78,80,89,98,107,120,129,138,140,149,153,161,163,175,176,183,193
426,0.669798819419347,0.6912242686890574,0.6172428609437224,0.6389766097521811,3.27,0.001,7,10,24,27,31,39,46,50,61,66,71,78,80,89,98,107,120,129,138,140,149,153,161,163,175,176,183,193
427,0.6683532104565715,0.6890574214517876,0.6153039052709064,0.636306347247183,3.28,0.001,7,10,24,27,31,39,46,50,61,66,71,78,80,89,98,107,120,129,138,140,149,153,161,163,175,176,183,193
428,0.6729309721720275,0.6901408450704225,0.6209661394658746,0.6378967178911762,3.29,0.001,7,10,24,27,31,39,46,50,61,66,71,78,80,89,98,107,120,129,138,140,149,153,161,163,175,176,183,193
429,0.6694374171786531,0.6912242686890574,0.6165485642992805,0.6388720336726037,3.3,0.001,7,10,24,27,31,39,46,50,61,66,71,78,80,89,98,107,120,129,138,140,149,153,161,163,175,176,183,193
430,0.6750993856161909,0.6901408450704225,0.6235840453672432,0.6377511252607312,3.31,0.001,7,10,24,27,31,39,46,50,61,66,71,78,80,89,98,107,120,128,129,138,140,149,153,161,163,175,176,183,193
431,0.6710034935549933,0.6923076923076923,0.618364841197821,0.6400536626694295,3.31,0.001,7,10,24,27,31,39,46,50,61,66,71,78,80,89,98,107,120,128,129,138,140,149,153,161,163,175,176,183,193
432,0.6776292013010481,0.6923076923076923,0.6266023476531813,0.6402295332613239,3.32,0.001,7,10,24,27,31,39,46,50,61,66,71,78,80,89,98,107,120,128,129,138,140,149,153,161,163,175,176,183,193
433,0.6735333092398507,0.695557963163597,0.621462631985605,0.6438368391709031,3.33,0.001,7,10,24,27,31,39,46,50,61,66,71,78,80,89,98,107,120,128,129,138,140,149,153,161,163,175,176,183,193
434,0.6770268642332249,0.695557963163597,0.6258483230341083,0.6440558173748596,3.34,0.001,7,10,24,27,31,39,46,50,61,66,71,78,80,89,98,107,120,128,129,138,140,149,153,161,163,175,176,183,193
435,0.6785929406095651,0.6944745395449621,0.6276793989038776,0.6428268557055407,3.34,0.001,7,10,24,27,31,39,46,50,61,66,71,78,80,89,98,107,120,128,129,138,140,149,153,161,163,175,177,183,193
436,0.6749789182026262,0.6966413867822319,0.6231386092855811,0.6452962361105011,3.35,0.001,7,10,24,27,31,39,46,50,61,66,71,78,80,89,98,107,120,128,129,138,140,149,153,161,163,175,177,183,193
437,0.6824478978436332,0.695557963163597,0.6325207222542804,0.6442057206822238,3.36,0.001,7,10,24,27,31,39,46,50,61,66,71,78,80,89,98,107,120,128,138,140,149,153,161,163,175,177,183,193
438,0.6782315383688712,0.6988082340195017,0.6270226984034677,0.6479569086985214,3.37,0.001,7,10,24,27,31,39,46,50,61,66,71,78,80,89,98,107,120,128,138,140,149,153,161,163,175,177,183,193
439,0.6824478978436332,0.6966413867822319,0.6323681552992745,0.6456779815545255,3.38,0.001,7,10,24,27,31,39,46,50,61,66,71,78,80,89,98,107,120,128,138,140,149,153,161,163,175,177,183,193
440,0.6843753764606674,0.6977248104008668,0.6346051945906243,0.646938576851942,3.38,0.001,7,10,24,27,31,39,46,50,61,66,71,78,80,89,98,107,120,128,138,140,149,153,161,163,175,177,183,193
441,0.6820864956029394,0.7009750812567714,0.6317170006996361,0.650642493725915,3.39,0.001,7,10,24,27,31,39,46,50,61,66,71,78,80,89,98,107,120,128,138,140,149,153,161,163,175,177,183,193
442,0.6869051921455246,0.6998916576381365,0.6377336133697313,0.6496822530301742,3.4,0.001,7,10,24,27,31,39,46,50,61,66,71,78,80,89,98,107,120,128,138,140,149,153,161,163,176,177,183,193
443,0.6843753764606674,0.7020585048754063,0.634503929357277,0.6522187709377796,3.41,0.001,7,10,24,27,31,39,46,50,61,66,71,78,80,89,98,107,120,128,138,140,149,153,161,163,176,177,183,193
444,0.6865437899048308,0.6966413867822319,0.6372074259530636,0.645682353489571,3.42,0.001,7,10,24,27,31,39,46,50,61,66,71,78,80,89,98,107,120,128,138,140,149,153,161,163,176,177,183,193
445,0.6876279966269124,0.7020585048754063,0.638549310818626,0.6525453542442647,3.43,0.001,7,10,24,27,31,39,46,50,61,66,71,78,80,89,98,107,120,128,138,140,149,153,161,163,176,177,183,193
446,0.688109866281171,0.7009750812567714,0.6389626212315246,0.6509325893811422,3.43,0.001,7,10,24,27,31,39,46,50,61,66,71,78,80,89,98,107,120,128,138,140,149,153,161,163,176,177,183,193
447,0.6889531381761234,0.6998916576381365,0.6401232217833933,0.6500926531651252,3.44,0.001,7,10,24,27,31,39,46,50,61,66,71,78,80,89,98,107,120,128,138,140,149,153,161,163,176,177,183,193
448,0.6907601493795928,0.7031419284940412,0.642154923024489,0.6535190350670488,3.45,0.001,7,10,24,27,31,39,46,50,61,66,71,78,80,89,98,107,120,128,138,140,149,153,161,163,176,177,183,193
449,0.6908806167931575,0.7053087757313109,0.6424647732720925,0.6562826013740153,3.46,0.001,7,10,24,27,31,39,46,50,61,66,71,78,80,89,98,107,120,128,138,140,149,153,161,163,176,177,183,193
450,0.6912420190338513,0.7085590465872156,0.6427929381289362,0.6602364101132514,3.46,0.001,7,10,24,27,31,39,46,50,61,66,71,78,80,89,98,107,120,128,138,140,149,153,161,163,176,177,183,193
451,0.6931694976508854,0.7063921993499458,0.6451873942104014,0.6572999456081678,3.47,0.001,7,10,24,27,31,39,46,50,61,66,71,78,80,89,98,107,120,128,138,140,149,153,161,163,176,177,183,193
452,0.6931694976508854,0.7053087757313109,0.6451444755878553,0.6565825686818447,3.48,0.001,7,10,24,27,31,39,46,50,61,66,71,78,80,89,98,107,120,128,138,140,149,153,161,163,176,177,183,193
453,0.695578845922178,0.7085590465872156,0.647906953666739,0.6597148746511998,3.49,0.001,7,10,24,27,31,39,46,50,61,66,71,78,80,89,98,107,120,128,138,140,149,153,161,163,176,177,183,193
454,0.6935308998915793,0.7085590465872156,0.6458747624051274,0.6605968231402246,3.5,0.001,7,10,24,27,31,39,46,50,61,66,71,78,80,89,98,107,120,128,138,140,149,153,161,163,176,177,183,193
455,0.6950969762679196,0.7074756229685807,0.6471057127947497,0.6582957981119268,3.52,0.001,7,10,24,27,31,39,46,50,61,66,71,78,80,89,98,107,120,128,138,140,149,153,161,163,176,177,183,193
456,0.6972653897120829,0.7096424702058505,0.6506099666441293,0.6623367404883589,3.53,0.001,7,10,24,27,31,39,46,50,61,66,71,78,80,89,98,107,120,128,138,140,149,153,161,163,176,177,183,193
457,0.6964221178171305,0.7074756229685807,0.6484715412370208,0.6583051684068364,3.55,0.001,7,10,24,27,31,39,46,50,61,66,71,78,80,89,98,107,120,128,138,140,149,153,161,163,176,177,183,193
458,0.6993133357426816,0.7107258938244854,0.6529091390453698,0.6632947088407324,3.56,0.001,7,10,24,27,31,39,46,50,61,66,71,78,80,89,98,107,120,128,138,140,149,153,161,163,176,177,183,193
459,0.699192868329117,0.7118093174431203,0.6522100252677818,0.6639639762944308,3.58,0.001,7,10,24,27,31,39,46,50,61,66,71,78,80,89,98,107,120,128,138,140,149,153,161,163,176,177,183,193
460,0.6999156728105047,0.7096424702058505,0.6530059173845691,0.6613298503007949,3.6,0.001,7,10,24,27,31,39,46,50,61,66,71,78,80,89,98,107,120,128,138,140,149,153,161,163,176,177,183,193
461,0.7008794121190218,0.7161430119176598,0.654790509583451,0.6699423211833848,3.61,0.001,7,10,24,27,31,39,46,50,61,66,71,78,80,89,98,107,120,128,138,140,149,153,161,163,176,178,183,193
462,0.7016022166004096,0.7128927410617552,0.6546744549519,0.6646962944481838,3.63,0.001,7,10,24,27,31,39,46,50,61,66,71,78,80,89,98,107,120,128,138,140,149,153,161,163,176,178,183,193
463,0.7016022166004096,0.7150595882990249,0.6557677639215398,0.668865599120427,3.66,0.001,7,10,24,27,31,39,46,50,61,66,71,78,80,89,98,107,120,128,138,140,149,153,161,163,176,178,183,193
464,0.7035296952174437,0.7150595882990249,0.6572100457475317,0.6674402451705002,3.68,0.001,7,10,24,27,31,39,46,50,61,66,71,78,80,89,98,107,120,128,138,140,149,153,161,163,176,178,183,193
465,0.7038910974581376,0.7161430119176598,0.6580954271285673,0.6695413568665285,3.7,0.001,7,10,24,27,31,39,46,50,61,66,71,78,80,89,98,107,120,128,138,140,149,153,161,163,176,178,183,193
466,0.70473436935309,0.7183098591549296,0.6591767555501549,0.6721754881577187,3.72,0.001,7,10,24,27,31,39,46,50,61,66,71,78,80,89,98,107,120,128,138,140,149,153,161,163,176,178,183,193
467,0.707023250210818,0.7161430119176598,0.6612024431178717,0.6691335322696943,3.74,0.001,7,10,24,27,31,39,46,50,61,66,71,78,80,89,98,107,120,128,138,140,149,153,161,163,176,178,183,193
468,0.7044934345259607,0.7193932827735645,0.6592761448692825,0.6737639077859037,3.76,0.001,7,10,24,27,31,39,46,50,61,65,71,78,80,89,98,107,120,128,138,140,149,153,161,163,176,178,183,193
469,0.7066618479701241,0.7150595882990249,0.6608036393622758,0.6677915953322303,3.78,0.001,7,10,24,27,31,39,46,50,61,66,71,78,80,89,98,107,120,128,138,140,149,153,161,163,176,178,183,193
470,0.7087097940007228,0.7226435536294691,0.6638721459330598,0.6773727551144408,3.8,0.001,7,10,24,27,31,39,46,50,61,65,71,78,80,89,98,107,120,128,138,140,149,153,161,163,176,178,183,193
471,0.7072641850379472,0.7215601300108342,0.6621582477596626,0.6760850715187929,3.82,0.001,7,10,24,27,31,39,46,50,61,65,71,78,80,89,98,107,120,128,138,140,149,153,161,163,176,178,183,193
472,0.7076255872786411,0.7215601300108342,0.6619392140119493,0.6751571073890115,3.83,0.001,7,10,24,27,31,39,46,50,61,65,71,78,80,89,98,107,120,128,138,140,149,153,161,163,176,178,183,193
473,0.7099144681363692,0.7280606717226435,0.6659414372617904,0.6843838296318698,3.85,0.001,7,10,24,27,31,39,46,50,61,65,71,78,80,89,98,107,120,128,138,140,149,153,161,163,176,178,183,193
474,0.7094325984821106,0.7226435536294691,0.6639589887215862,0.6763244590864571,3.87,0.001,7,10,24,27,31,39,46,50,61,65,71,78,80,89,98,107,120,128,138,140,149,153,161,163,177,178,183,193
475,0.7116010119262739,0.7248104008667389,0.6675189084185018,0.6801814890450408,3.89,0.001,7,10,24,27,31,39,46,50,61,65,71,78,80,89,98,107,120,128,138,140,149,153,161,163,177,178,183,193
476,0.7113600770991447,0.7258938244853738,0.6669437837660063,0.6810873558352168,3.9,0.001,7,10,24,27,31,39,46,50,61,65,71,78,80,89,98,107,120,128,138,140,149,153,161,163,177,178,183,193
477,0.7116010119262739,0.723726977248104,0.6667512731810306,0.6781381750154869,3.91,0.001,7,10,24,27,31,39,46,50,61,65,71,78,80,89,98,107,120,128,138,140,149,153,161,163,177,178,183,193
478,0.7134080231297434,0.7269772481040087,0.669917727807505,0.6828113813488248,3.92,0.001,7,10,24,27,31,39,46,50,61,65,71,78,80,89,98,107,120,128,138,140,149,153,161,163,177,178,183,193
479,0.7134080231297434,0.7280606717226435,0.6688831243424909,0.6830686687059158,3.93,0.001,7,10,24,27,31,39,46,50,61,65,71,78,80,89,98,107,120,128,138,140,149,153,161,163,177,178,183,193
480,0.714492229851825,0.7291440953412784,0.67090726015482,0.6851024457611992,3.94,0.001,7,10,24,27,31,39,46,50,61,65,71,78,80,89,98,107,120,128,138,140,149,153,161,163,177,178,183,193
481,0.7156969039874714,0.7269772481040087,0.6720995706340784,0.682491406917602,3.95,0.001,7,10,24,27,31,39,46,50,61,65,71,78,80,89,98,107,120,128,138,140,149,153,161,163,177,178,183,193
482,0.7150945669196482,0.7215601300108342,0.6711205578605642,0.6760996671027011,3.96,0.001,7,10,24,27,31,39,46,50,61,65,71,78,80,89,98,107,120,128,138,140,149,153,161,163,177,178,183,193
483,0.7164197084688592,0.723726977248104,0.6732591972670929,0.679079089998023,3.97,0.001,7,10,24,27,31,39,46,50,61,65,71,78,80,89,98,107,120,128,138,140,149,153,161,163,177,178,183,193
484,0.7162992410552945,0.7226435536294691,0.6726177362787942,0.6773264944379351,3.98,0.001,7,10,24,27,31,39,46,50,61,65,71,78,80,89,98,107,120,128,138,140,149,153,161,163,177,178,183,193
485,0.7175039151909408,0.7269772481040087,0.6742409293843397,0.682491406917602,3.99,0.001,7,10,24,27,31,39,46,50,61,65,71,78,80,89,98,107,120,128,138,140,149,153,161,163,177,178,183,193
486,0.7177448500180701,0.7291440953412784,0.6748307988514477,0.6853188814126079,4.0,0.001,7,10,24,27,31,39,46,50,61,65,71,78,80,89,98,107,120,128,138,140,149,153,161,163,177,178,183,193
487,0.7201541982893628,0.7291440953412784,0.6768853583306305,0.6844677452878694,4.01,0.001,7,10,24,27,31,39,46,50,61,65,71,78,80,89,98,107,120,128,138,140,149,153,161,163,177,178,183,193
488,0.7184676544994579,0.7313109425785482,0.6759182767132489,0.688004819552992,4.02,0.001,7,10,24,27,31,39,46,50,61,65,71,78,80,89,98,107,120,128,138,140,149,153,161,163,177,178,183,193
489,0.7199132634622335,0.7313109425785482,0.6768471563103976,0.6873395918958309,4.03,0.001,7,10,24,27,31,39,46,50,61,65,71,78,80,89,98,107,120,128,138,140,149,153,161,163,177,178,183,193
490,0.720395133116492,0.7313109425785482,0.6776515310205479,0.6874757658006979,4.03,0.001,7,10,24,27,31,39,46,50,61,65,71,78,80,89,98,107,120,128,138,140,149,153,161,163,177,178,183,193
491,0.7215998072521383,0.7323943661971831,0.6795498352289148,0.6892518523768763,4.04,0.001,7,10,24,27,31,39,46,50,61,65,71,78,80,89,98,107,120,128,138,140,149,153,161,163,177,178,183,193
492,0.7214793398385737,0.7313109425785482,0.6783997397961787,0.6868922443921315,4.05,0.001,7,10,24,27,31,39,46,50,61,65,71,78,80,89,98,107,120,128,138,140,149,153,161,163,177,178,183,193
493,0.72268401397422,0.7302275189599133,0.6809392845666673,0.6869038180168545,4.06,0.001,7,10,24,27,31,39,46,50,61,65,71,78,80,89,98,107,120,128,138,140,149,153,161,163,177,178,183,193
494,0.7224430791470907,0.7313109425785482,0.6797767226063991,0.687166963003254,4.06,0.001,7,10,24,27,31,39,46,50,61,65,71,78,80,89,98,107,120,128,138,140,149,153,161,163,177,178,183,193
495,0.7223226117335261,0.7323943661971831,0.6801701784786938,0.6891175247328983,4.07,0.001,7,10,24,27,31,39,46,50,61,65,71,78,80,89,98,107,120,128,127,138,140,149,153,161,163,177,178,183,193
496,0.7232863510420431,0.7356446370530878,0.6812820016203516,0.6928188641723396,4.08,0.001,7,10,24,27,31,39,46,50,61,65,71,78,80,89,98,107,120,128,127,138,140,149,153,161,163,177,178,183,193
497,0.7243705577641248,0.733477789815818,0.6822793742127428,0.6900545200894381,4.09,0.001,7,10,24,27,31,39,46,50,61,65,71,78,80,89,98,107,120,128,127,138,140,149,153,161,163,177,178,183,193
498,0.724611492591254,0.7367280606717227,0.6829727147600358,0.6941683233929754,4.1,0.001,7,10,24,27,31,39,46,50,61,65,71,78,80,89,98,107,120,128,127,138,140,149,153,161,163,177,178,183,193
499,0.725936634140465,0.7356446370530878,0.6842224996281607,0.6925958027640335,4.11,0.001,7,10,24,27,31,39,46,50,61,65,71,78,80,89,98,107,120,128,127,138,140,149,153,161,163,177,178,183,193
