epoch,train_accuracy,validation_accuracy,train_kappa,validation_kappa,time,lr,band_1,band_2,band_3,band_4,band_5,band_6,band_7,band_8,band_9,band_10
0,0.11167329237441272,0.10617551462621885,0.010692329153091928,0.013232065892085587,0.01,0.001,18,36,54,72,90,108,126,144,162,180
1,0.2420190338513432,0.2221018418201517,6.202959454926216e-05,0.0,0.02,0.001,18,36,54,72,90,108,126,144,162,180
2,0.2420190338513432,0.2221018418201517,0.0,0.0,0.02,0.001,18,36,54,72,90,108,126,144,162,180
3,0.2420190338513432,0.2221018418201517,0.0,0.0,0.03,0.001,18,36,54,72,90,108,126,144,162,180
4,0.2420190338513432,0.2221018418201517,0.0,0.0,0.04,0.001,18,36,54,72,90,108,126,144,162,180
5,0.2420190338513432,0.2221018418201517,0.0,0.0,0.04,0.001,18,36,54,72,90,108,126,144,162,180
6,0.2420190338513432,0.2221018418201517,0.0,0.0,0.05,0.001,18,36,54,72,90,108,126,144,162,180
7,0.2420190338513432,0.2221018418201517,0.0,0.0,0.06,0.001,18,36,54,72,90,108,126,144,162,180
8,0.2420190338513432,0.2221018418201517,0.0,0.0,0.06,0.001,18,36,54,72,91,108,126,144,162,180
9,0.2420190338513432,0.2221018418201517,0.0,0.0,0.07,0.001,18,36,55,72,91,109,126,144,162,180
10,0.2420190338513432,0.2221018418201517,0.0,0.0,0.08,0.001,18,36,55,72,91,109,126,144,162,180
11,0.2420190338513432,0.2221018418201517,0.0,0.0,0.08,0.001,18,36,55,72,91,109,126,145,162,180
12,0.2420190338513432,0.2221018418201517,0.0,0.0,0.09,0.001,18,36,55,72,91,109,125,145,162,180
13,0.2420190338513432,0.2221018418201517,0.0,0.0,0.1,0.001,18,36,55,72,91,109,125,145,162,180
14,0.2420190338513432,0.2221018418201517,0.0,0.0,0.1,0.001,18,36,55,71,91,109,125,145,162,180
15,0.2420190338513432,0.2221018418201517,0.0,0.0,0.11,0.001,18,36,55,71,91,108,125,145,162,180
16,0.2420190338513432,0.2221018418201517,0.0,0.0,0.11,0.001,18,36,55,71,91,108,125,145,162,180
17,0.2420190338513432,0.2221018418201517,0.0,0.0,0.12,0.001,18,36,55,71,91,108,125,145,161,180
18,0.2420190338513432,0.2221018418201517,0.0,0.0,0.13,0.001,18,36,55,71,91,108,125,145,161,180
19,0.2420190338513432,0.2221018418201517,0.0,0.0,0.13,0.001,19,36,55,71,91,108,125,145,161,180
20,0.2420190338513432,0.2221018418201517,0.0,0.0,0.14,0.001,19,36,55,71,91,108,125,145,161,180
21,0.2420190338513432,0.2221018418201517,0.0,0.0,0.15,0.001,19,36,55,71,91,108,125,145,161,180
22,0.2420190338513432,0.2221018418201517,0.0,0.0,0.15,0.001,19,36,55,71,91,108,125,145,161,180
23,0.2420190338513432,0.2221018418201517,0.0,0.0,0.16,0.001,19,36,55,71,91,108,125,145,161,180
24,0.2420190338513432,0.2221018418201517,0.0,0.0,0.17,0.001,19,35,55,71,91,108,125,145,161,180
25,0.2420190338513432,0.2221018418201517,0.0,0.0,0.17,0.001,19,35,55,71,91,108,125,145,161,180
26,0.2420190338513432,0.2221018418201517,0.0,0.0,0.18,0.001,19,35,55,71,91,108,125,145,161,180
27,0.2420190338513432,0.2221018418201517,0.0,0.0,0.19,0.001,19,36,55,72,91,108,125,145,161,180
28,0.2420190338513432,0.2221018418201517,0.0,0.0,0.19,0.001,19,36,55,72,91,108,125,145,161,180
29,0.2420190338513432,0.2221018418201517,0.0,0.0,0.2,0.001,19,36,55,72,91,108,125,145,161,180
30,0.2420190338513432,0.2221018418201517,0.0,0.0,0.21,0.001,19,36,55,72,91,108,124,145,161,180
31,0.2420190338513432,0.2221018418201517,0.0,0.0,0.21,0.001,19,36,55,72,91,108,124,145,161,180
32,0.2420190338513432,0.2221018418201517,0.0,0.0,0.22,0.001,19,36,55,72,91,108,124,145,161,180
33,0.2446693169497651,0.22426868905742145,0.004225176528281804,0.0035703731401793837,0.23,0.001,19,36,55,72,91,108,124,145,161,180
34,0.3269485604144079,0.3087757313109426,0.12732416567803628,0.12395622116730654,0.24,0.001,19,36,55,72,91,108,124,146,161,180
35,0.36043850138537525,0.3456121343445287,0.1764571939467393,0.17480720555366425,0.25,0.001,19,36,55,72,91,108,124,146,161,180
36,0.36345018672449103,0.3466955579631636,0.18187845140636938,0.1770212602360539,0.25,0.001,19,36,55,72,91,108,124,146,161,180
37,0.3648957956872666,0.3477789815817985,0.18509191470572728,0.1792307624131808,0.26,0.001,19,36,56,72,91,108,124,146,161,180
38,0.3648957956872666,0.3477789815817985,0.18685771828371645,0.18049455330621544,0.27,0.001,19,36,56,72,91,108,124,146,161,180
39,0.36525719792796046,0.3488624052004334,0.18948994646604922,0.1832183132913302,0.27,0.001,19,36,56,72,91,108,124,146,161,180
40,0.36525719792796046,0.3488624052004334,0.19128171935203686,0.18468050707330508,0.28,0.001,19,36,56,72,91,108,124,146,161,181
41,0.36525719792796046,0.3488624052004334,0.19274448833349034,0.18592965561570773,0.29,0.001,19,36,56,72,91,108,124,146,161,181
42,0.36525719792796046,0.34994582881906827,0.19379440972393247,0.18780266743320428,0.29,0.001,19,36,56,72,91,108,124,146,161,181
43,0.36525719792796046,0.34994582881906827,0.19439106213658874,0.18842397739662597,0.3,0.001,19,36,56,72,91,108,124,146,161,181
44,0.36525719792796046,0.34994582881906827,0.1947689697048961,0.1887342760500823,0.31,0.001,19,36,56,72,91,108,124,146,160,181
45,0.36525719792796046,0.34994582881906827,0.19519006393733507,0.18894101003059405,0.31,0.001,19,36,56,72,91,108,124,146,160,181
46,0.36525719792796046,0.34994582881906827,0.19553822279483357,0.18914763867434858,0.32,0.001,19,36,56,72,91,108,124,146,160,181
47,0.36525719792796046,0.34994582881906827,0.19574117638924793,0.18925091352009737,0.33,0.001,19,36,56,72,91,108,124,146,160,181
48,0.3651367305143959,0.34994582881906827,0.19590731739308676,0.18945738430960457,0.33,0.001,19,36,56,72,91,108,124,146,160,181
49,0.36501626310083124,0.34994582881906827,0.19595750556541414,0.18956058027345368,0.34,0.001,19,36,56,72,91,108,124,146,160,181
50,0.36501626310083124,0.34994582881906827,0.1961022768561611,0.18956058027345368,0.35,0.001,19,36,56,72,91,108,124,146,160,181
51,0.36501626310083124,0.34994582881906827,0.1962325264510153,0.18987001056182462,0.35,0.001,19,36,56,72,91,108,124,146,160,181
52,0.36501626310083124,0.34994582881906827,0.19639166309381462,0.19017920465595783,0.36,0.001,19,36,56,72,91,108,124,146,160,181
53,0.36501626310083124,0.34994582881906827,0.19656519485197332,0.19028221691313008,0.37,0.001,19,36,56,73,91,108,124,146,160,181
54,0.36501626310083124,0.34994582881906827,0.19673865168116877,0.19038520296654093,0.37,0.001,19,37,56,73,91,108,123,146,160,181
55,0.36501626310083124,0.34994582881906827,0.19695536742272102,0.19059109650206152,0.38,0.001,19,37,56,73,91,108,123,146,160,181
56,0.36501626310083124,0.34994582881906827,0.19711421799424234,0.19079688534243555,0.39,0.001,19,37,56,73,91,108,123,146,160,181
57,0.36501626310083124,0.34994582881906827,0.19728743786828273,0.19100256956749762,0.39,0.001,19,37,56,73,91,108,123,147,160,181
58,0.3648957956872666,0.34994582881906827,0.19726503989235544,0.19100256956749762,0.4,0.001,19,37,56,73,91,108,123,147,160,181
59,0.3648957956872666,0.34994582881906827,0.19743816186375196,0.19120814925700091,0.41,0.001,19,37,56,73,91,108,123,147,160,181
60,0.36477532827370196,0.34994582881906827,0.1975455230840002,0.19141362449061827,0.41,0.001,19,37,56,73,91,108,123,147,160,181
61,0.36477532827370196,0.34994582881906827,0.19768966844813773,0.19141362449061827,0.42,0.001,19,37,56,73,91,108,123,147,160,181
62,0.36477532827370196,0.34994582881906827,0.19784816854787046,0.1917216416603421,0.43,0.001,19,37,56,73,91,108,123,147,160,181
63,0.36477532827370196,0.34994582881906827,0.19794899964547252,0.1919268561022801,0.43,0.001,19,37,56,73,91,108,123,147,160,181
64,0.36477532827370196,0.34994582881906827,0.1979778038747133,0.19202942425166425,0.44,0.001,19,37,56,73,91,108,123,147,160,181
65,0.3646548608601373,0.34994582881906827,0.19791212074509978,0.19202942425166425,0.45,0.001,19,37,56,73,91,108,123,147,160,181
66,0.3646548608601373,0.34994582881906827,0.19796972150931824,0.19202942425166425,0.45,0.001,19,37,56,73,91,108,123,147,160,181
67,0.3646548608601373,0.34994582881906827,0.19802731400110196,0.1921319663665486,0.46,0.001,19,37,56,74,91,108,123,147,160,181
68,0.3646548608601373,0.34994582881906827,0.19804171083168876,0.19223448245684405,0.47,0.001,19,37,56,74,91,108,123,147,160,181
69,0.36477532827370196,0.34994582881906827,0.1982945139025596,0.19233697253245674,0.47,0.001,19,37,56,74,91,108,123,147,160,181
70,0.3651367305143959,0.34994582881906827,0.19887746845523957,0.19233697253245674,0.48,0.001,19,37,56,74,91,108,123,147,160,181
71,0.3661004698229129,0.35102925243770317,0.20025680479613073,0.19402160444334293,0.49,0.001,19,37,56,74,91,108,122,147,160,181
72,0.36622093723647753,0.352112676056338,0.20073100026870738,0.19573646517117527,0.49,0.001,20,37,56,74,91,108,122,147,160,181
73,0.368027948439947,0.3531960996749729,0.20362576569581792,0.19741468459152012,0.5,0.001,20,37,56,74,91,108,122,147,160,181
74,0.368991687748464,0.3542795232936078,0.20547230049926968,0.19936077870892432,0.51,0.001,20,37,56,74,91,108,122,147,160,181
75,0.3706782315383689,0.3564463705308776,0.20833225622005536,0.20264629829465308,0.51,0.001,20,37,56,74,91,108,122,147,160,181
76,0.3722443079147091,0.35861321776814736,0.21108421966762636,0.20649078501961216,0.52,0.001,20,37,56,74,91,108,122,147,160,181
77,0.3740513191181785,0.3607800650054171,0.21409310559596306,0.2097293108477376,0.53,0.001,20,37,56,74,92,108,122,147,160,181
78,0.37609926514877723,0.361863488624052,0.21746202074442278,0.2114635398687047,0.53,0.001,20,37,56,74,92,108,122,147,160,181
79,0.37766534152511744,0.361863488624052,0.21989781513730156,0.21182365281484827,0.54,0.001,20,37,56,74,92,108,122,147,160,181
80,0.3788700156607638,0.3640303358613218,0.2218703666696047,0.21489266741825086,0.55,0.001,20,37,56,74,92,108,122,147,160,181
81,0.38031562462353935,0.36511375947995667,0.22424087130528625,0.21642432153261992,0.55,0.001,20,37,56,74,92,108,122,147,160,181
82,0.38127936393205636,0.36619718309859156,0.22583979729806536,0.21805374735528082,0.56,0.001,20,37,56,74,92,108,122,147,160,181
83,0.38284544030839657,0.36619718309859156,0.22844311021987018,0.21828129162275167,0.57,0.001,20,37,56,74,92,108,122,147,160,181
84,0.38513432116612456,0.37161430119176597,0.23200536664302474,0.22595775690556608,0.57,0.001,20,37,56,74,92,108,122,147,160,181
85,0.3918804963257439,0.37378114842903576,0.2413110283369283,0.22875064873859197,0.58,0.001,20,37,56,74,92,108,122,147,160,181
86,0.3977833995904108,0.37703141928494044,0.249484789102014,0.2335115993246787,0.59,0.001,20,37,56,74,92,108,122,147,160,181
87,0.4045295747500301,0.37919826652221017,0.25892434096445016,0.23705363196510132,0.59,0.001,20,37,56,74,92,108,122,147,160,181
88,0.4092278038790507,0.38136511375947996,0.26556543378869557,0.24032483809265726,0.6,0.001,20,37,56,74,92,108,122,147,160,181
89,0.41368509818094207,0.38353196099674974,0.2717171978280962,0.2433554242904481,0.61,0.001,20,37,56,74,92,108,121,147,160,181
90,0.4181423924828334,0.38678223185265437,0.2778411310034956,0.24796234183137322,0.62,0.001,20,37,56,74,92,108,121,147,160,181
91,0.42067220816769063,0.3856988082340195,0.2813792007700714,0.24738770661780995,0.62,0.001,20,37,56,74,92,108,121,147,160,181
92,0.42356342609324177,0.38786565547128926,0.2854123666382513,0.25068574047758296,0.63,0.001,20,37,56,74,92,108,121,147,160,181
93,0.4264546440187929,0.39328277356446373,0.28932255952240304,0.25795017493184336,0.64,0.001,20,37,56,74,92,108,121,147,160,181
94,0.4285025900493916,0.39544962080173346,0.29219355604044817,0.26089957651623963,0.64,0.001,20,37,56,74,92,108,121,147,160,181
95,0.4299481990121672,0.39761646803900325,0.29422135683216166,0.2640271220665087,0.65,0.001,20,37,56,74,92,108,121,147,160,181
96,0.43115287314781353,0.39761646803900325,0.29592435210556,0.2640872791098863,0.66,0.001,20,37,56,74,92,108,121,147,160,181
97,0.4318756776292013,0.39978331527627303,0.29719013328059507,0.26712224709696464,0.66,0.001,20,37,56,74,92,108,121,147,160,181
98,0.43392362365980003,0.40303358613217766,0.3001965515109526,0.2713885183874568,0.67,0.001,20,37,56,74,92,108,121,147,160,181
99,0.4351282977954463,0.4019501625135428,0.301999529087964,0.27018537007407073,0.68,0.001,20,37,56,74,92,108,121,147,160,181
100,0.4360920371039634,0.4019501625135428,0.30343141001886154,0.27031706726741256,0.68,0.001,20,37,56,74,92,108,121,147,160,181
101,0.43729671123960967,0.4019501625135428,0.30515886685078464,0.2703766289560361,0.69,0.001,20,37,56,74,92,108,121,147,160,181
102,0.43801951572099745,0.4019501625135428,0.30623799102971916,0.2704361809217921,0.7,0.001,20,37,56,74,92,108,121,147,160,181
103,0.4386218527888206,0.4019501625135428,0.3071125841698221,0.27057092053384024,0.7,0.001,20,37,56,74,92,108,121,147,160,181
104,0.43910372244307916,0.4008667388949079,0.3078802302561775,0.2694565783673305,0.71,0.001,20,37,56,74,92,108,121,147,160,181
105,0.43982652692446694,0.4008667388949079,0.30894029186401584,0.2694565783673305,0.72,0.001,20,37,56,74,92,108,121,147,160,181
106,0.44066979881941937,0.4008667388949079,0.310106802790594,0.2694565783673305,0.72,0.001,20,37,56,74,92,108,121,147,160,181
107,0.44115166847367787,0.4019501625135428,0.3108628977133262,0.27109061151614344,0.73,0.001,20,37,56,74,92,108,121,147,160,181
108,0.44259727743645344,0.4019501625135428,0.312892246698929,0.27125325399776856,0.74,0.001,20,37,56,74,92,108,121,147,160,181
109,0.44307914709071194,0.40411700975081255,0.31366739560902634,0.27429223300415717,0.74,0.001,20,37,56,74,92,108,121,147,160,181
110,0.4431996145042766,0.40411700975081255,0.31398683825020046,0.2743949241234208,0.75,0.001,20,37,56,74,91,108,121,147,160,181
111,0.4436814841585351,0.40411700975081255,0.31473545465280883,0.2745286901645154,0.76,0.001,20,37,56,74,91,108,121,147,160,181
112,0.44488615829418143,0.40628385698808234,0.316385673136663,0.27750749197951097,0.76,0.001,20,37,56,74,91,108,121,147,160,181
113,0.4451270931213107,0.40628385698808234,0.31689739283903673,0.27775818370042493,0.77,0.001,20,37,56,74,91,108,121,147,160,181
114,0.4458498976026985,0.40628385698808234,0.3180021491953663,0.277906659680871,0.78,0.001,20,37,56,74,91,108,121,147,160,181
115,0.4471750391519094,0.409534127843987,0.31984514091399074,0.2822101822031903,0.78,0.001,20,37,56,74,91,108,121,147,160,181
116,0.44813877846042643,0.4106175514626219,0.32118989480704274,0.28360082923968766,0.79,0.001,20,37,56,74,92,108,121,147,160,181
117,0.448620648114685,0.409534127843987,0.321925538674363,0.28235764064740243,0.8,0.001,20,37,56,74,92,108,121,147,160,181
118,0.4491025177689435,0.4106175514626219,0.32268424596747003,0.2838184784965254,0.8,0.001,20,37,56,74,92,108,121,147,160,181
119,0.4501867244910252,0.41278439869989164,0.3243057816642635,0.2867566966449765,0.81,0.001,20,37,56,74,92,108,121,147,160,181
120,0.45151186604023613,0.41386782231852653,0.326128969174755,0.2881304948442732,0.82,0.001,20,37,56,74,92,108,121,147,160,181
121,0.4527165401758824,0.41278439869989164,0.32785396349404616,0.28696103318571764,0.83,0.001,20,37,56,74,92,108,121,147,160,181
122,0.4529574750030117,0.41278439869989164,0.32841210581526126,0.28719267623695366,0.83,0.001,20,37,56,74,92,108,121,147,160,181
123,0.4545235513793519,0.41386782231852653,0.33062441124326625,0.28873888438622153,0.84,0.001,20,37,56,74,92,108,121,147,160,181
124,0.4553668232743043,0.41386782231852653,0.3318443480641625,0.2888695523382826,0.85,0.001,21,37,56,74,92,108,122,147,160,181
125,0.4559691603421275,0.41386782231852653,0.3328059471055391,0.28904572609901535,0.85,0.001,21,37,56,74,92,108,122,147,160,181
126,0.4569328996506445,0.4171180931744312,0.3341339902007969,0.29316328128336155,0.86,0.001,21,37,56,74,92,108,122,147,160,181
127,0.4577761715455969,0.419284940411701,0.3353834398863633,0.29599234984652734,0.87,0.001,21,37,56,74,91,108,122,147,160,181
128,0.4584989760269847,0.42036836403033584,0.33643200581659316,0.29746175416532106,0.87,0.001,21,37,56,74,91,108,122,147,160,181
129,0.45910131309480784,0.42036836403033584,0.33730565402721235,0.2975187212637138,0.88,0.001,21,37,56,74,91,108,122,147,160,181
130,0.45994458498976026,0.42036836403033584,0.3386401701770645,0.2977345127709199,0.89,0.001,21,37,56,74,91,108,122,147,160,181
131,0.4605469220575834,0.42145178764897073,0.3397169548495793,0.29919067714672465,0.89,0.001,21,37,56,74,91,108,122,148,160,181
132,0.46223346584748826,0.4225352112676056,0.342176210748657,0.30084601839837755,0.9,0.001,21,37,56,74,91,108,122,148,160,181
133,0.4630767377424407,0.4247020585048754,0.34347510641019285,0.3036119995510044,0.91,0.001,21,37,56,74,91,108,122,148,160,181
134,0.46452234670521625,0.4257854821235103,0.34542762472684263,0.30512191865271576,0.92,0.001,21,37,56,74,91,108,122,148,160,181
135,0.4656065534272979,0.4257854821235103,0.3469587640877895,0.30526402494965477,0.92,0.001,21,37,56,74,91,108,122,148,160,181
136,0.4659679556679918,0.4268689057421452,0.3476158801033863,0.306728440111658,0.93,0.001,21,37,56,74,91,108,122,148,160,181
137,0.46620889049512104,0.4268689057421452,0.3480764570009307,0.3067993060425972,0.94,0.001,21,37,56,74,91,108,122,148,160,181
138,0.4674135646307674,0.4279523293607801,0.34980884776939103,0.3083630418492699,0.94,0.001,21,37,56,74,91,108,122,148,160,181
139,0.4674135646307674,0.42903575297941493,0.3499750077049245,0.3099109477390771,0.95,0.001,21,37,56,74,91,108,122,148,160,181
140,0.4678954342850259,0.42903575297941493,0.3507367833901457,0.3099814310174356,0.96,0.001,21,37,56,74,91,108,122,148,160,181
141,0.4687387061799783,0.4301191765980498,0.35202022562124435,0.3114314201306797,0.96,0.001,21,37,56,74,91,108,122,148,160,181
142,0.46934104324780146,0.4301191765980498,0.3529397785082652,0.3116276563767221,0.97,0.001,21,37,56,74,91,108,122,148,160,181
143,0.46958197807493074,0.4322860238353196,0.35338521942402035,0.3143850258282914,0.98,0.001,21,37,56,74,92,108,122,148,160,181
144,0.47006384772918924,0.4322860238353196,0.3541604697827827,0.3145948948761699,0.98,0.001,21,37,56,74,92,108,122,148,160,181
145,0.47042524996988316,0.4322860238353196,0.3547027875077101,0.31476095010732263,0.99,0.001,21,37,56,74,92,108,122,148,160,181
146,0.4705457173834478,0.4344528710725894,0.3550599767840015,0.3175852051822087,1.0,0.001,21,37,56,74,92,108,122,148,160,181
147,0.47211179375978796,0.4344528710725894,0.35716831291156936,0.3175852051822087,1.0,0.001,21,37,56,74,92,108,122,148,160,181
148,0.4729550656547404,0.43661971830985913,0.35842951300115256,0.32040773270541323,1.01,0.001,21,37,56,74,91,108,122,148,160,181
149,0.47367787013612817,0.43661971830985913,0.35946390761631586,0.32040773270541323,1.02,0.001,21,37,56,74,91,108,122,148,160,181
150,0.4745211420310806,0.43661971830985913,0.36066720359683646,0.3205462697004916,1.02,0.001,21,37,56,74,91,108,122,148,160,181
151,0.47440067461751595,0.4398699891657638,0.36070300235639874,0.3246583601286174,1.03,0.001,21,37,56,74,91,108,122,148,160,181
152,0.4750030116853391,0.4420368364030336,0.36153339328351797,0.32761347305050414,1.04,0.001,21,37,56,74,91,108,123,148,160,181
153,0.4756053487531623,0.4420368364030336,0.36245942707427814,0.32768194573310105,1.05,0.001,21,37,56,74,91,108,123,148,160,181
154,0.4763281532345501,0.4442036836403034,0.363491548869199,0.3304974266161417,1.05,0.001,21,37,56,74,91,108,123,148,160,181
155,0.47644862064811466,0.4452871072589382,0.363838300186203,0.3320744903381915,1.06,0.001,21,37,56,74,91,108,123,148,160,181
156,0.47777376219732565,0.4452871072589382,0.36564366388553415,0.332049000637455,1.07,0.001,21,37,56,74,91,108,123,148,160,181
157,0.47873750150584266,0.4463705308775731,0.3668877262990774,0.3334468626342566,1.07,0.001,21,37,56,74,91,108,123,148,160,181
158,0.4781351644380195,0.4463705308775731,0.36630782751585433,0.33342142789507234,1.08,0.001,21,37,56,74,91,108,123,148,160,181
159,0.47825563185158415,0.4485373781148429,0.3665821396106618,0.3362189060349773,1.09,0.001,21,37,56,74,91,108,123,148,160,181
160,0.47873750150584266,0.4517876489707476,0.3672382970072513,0.34030453697949037,1.09,0.001,21,37,56,74,91,108,123,148,160,181
161,0.4795807734007951,0.4539544962080173,0.3684288389796747,0.3431124466234382,1.1,0.001,21,37,56,74,91,108,123,148,160,181
162,0.4804240452957475,0.4539544962080173,0.3696025022486896,0.3431792253560899,1.11,0.001,21,37,56,74,91,108,123,148,160,181
163,0.48150825201782915,0.4539544962080173,0.371093390653911,0.3431792253560899,1.11,0.001,21,37,56,74,91,108,123,148,160,181
164,0.48126731719069993,0.4539544962080173,0.37087627642090915,0.34331274209759577,1.12,0.001,21,37,56,74,92,108,123,148,160,181
165,0.48126731719069993,0.4550379198266522,0.3709288026355866,0.34481546920158956,1.13,0.001,21,37,55,74,92,108,123,148,160,181
166,0.4819901216720877,0.4550379198266522,0.37191014466568195,0.3448820342044364,1.13,0.001,21,37,55,74,92,108,123,148,160,181
167,0.4829538609806047,0.4550379198266522,0.3732666931400782,0.3450151236414116,1.14,0.001,21,37,55,74,92,108,123,148,160,181
168,0.48379713287555715,0.4550379198266522,0.37443900099714,0.3450151236414116,1.15,0.001,21,37,55,74,92,108,123,148,160,181
169,0.4850018070112035,0.4561213434452871,0.3762050540736457,0.34636984204683163,1.16,0.001,21,37,55,74,91,108,123,148,160,181
170,0.48584507890615586,0.4550379198266522,0.3773914042268963,0.34559952188786636,1.16,0.001,21,37,55,74,91,108,123,148,160,181
171,0.48608601373328514,0.457204767063922,0.3776332215153756,0.3479781842998023,1.17,0.001,21,37,55,74,91,108,123,148,160,181
172,0.4868088182146729,0.4593716143011918,0.3784812536019332,0.3506378335090995,1.18,0.001,21,37,55,74,91,108,123,148,160,181
173,0.4875316226960607,0.46045503791982667,0.37961341586308384,0.3522021974057309,1.18,0.001,21,37,55,74,91,108,124,148,160,181
174,0.48777255752319,0.4582881906825569,0.38024151227043024,0.3501281437463035,1.19,0.001,21,37,55,74,91,108,124,148,160,181
175,0.48885676424527164,0.46153846153846156,0.38167381750622986,0.3542483420915197,1.2,0.001,21,37,55,74,91,108,124,148,160,181
176,0.48945910131309484,0.46153846153846156,0.3823345585053003,0.35405193426334924,1.2,0.001,21,37,55,74,91,108,124,148,160,181
177,0.49042284062161184,0.4637053087757313,0.3836071146296127,0.3565860905935121,1.21,0.001,21,37,55,74,91,108,124,148,160,181
178,0.49150704734369355,0.46803900325027087,0.38517017344442805,0.3621087894377547,1.22,0.001,21,37,55,74,91,108,124,148,160,181
179,0.49247078665221056,0.46912242686890576,0.3867804552419738,0.36385923801513165,1.22,0.001,21,37,55,74,91,108,124,148,160,181
180,0.49319359113359834,0.47020585048754066,0.3877243797200359,0.3652458730511434,1.23,0.001,21,37,55,74,91,108,124,148,160,181
181,0.49307312372003376,0.4712892741061755,0.38732972210861405,0.3662230652119466,1.24,0.001,21,37,55,74,91,108,124,148,160,181
182,0.4929526563064691,0.4712892741061755,0.3872114687007344,0.36615885149150185,1.25,0.001,21,37,55,74,91,108,124,148,160,181
183,0.49427779785568005,0.46912242686890576,0.3890579521893762,0.363754533356217,1.25,0.001,21,37,55,74,91,108,124,148,160,181
184,0.49584387423202025,0.4712892741061755,0.39114042395588666,0.36647979003805986,1.26,0.001,22,37,55,74,91,108,124,148,160,181
185,0.49632574388627876,0.4734561213434453,0.3918092849980114,0.3692039430202634,1.27,0.001,22,37,55,74,91,108,124,148,160,181
186,0.4976508854354897,0.4745395449620802,0.39354883492569714,0.3706691371944234,1.27,0.001,22,37,55,74,91,108,124,148,160,181
187,0.49825322250331283,0.4734561213434453,0.3945311309702061,0.36969054868838336,1.28,0.001,22,37,55,74,91,108,124,148,160,181
188,0.4992169618118299,0.4734561213434453,0.39583684666405394,0.36962677432908886,1.29,0.001,22,37,55,74,91,108,124,148,160,181
189,0.5000602337067823,0.4734561213434453,0.3969007039121504,0.36977821736552696,1.29,0.001,22,37,55,74,91,108,125,148,160,181
190,0.4994578966389592,0.4745395449620802,0.3959908035435842,0.37082039101041475,1.3,0.001,22,37,55,74,91,108,125,148,160,181
191,0.5000602337067823,0.4745395449620802,0.3966712665560904,0.37088847571627126,1.31,0.001,22,37,55,74,91,108,125,148,160,181
192,0.5018672449102518,0.4734561213434453,0.39899352362891927,0.3693759805658182,1.31,0.001,22,37,55,74,91,108,125,148,160,181
193,0.5036742561137212,0.4745395449620802,0.4014900325864783,0.37097599154659633,1.32,0.001,22,37,55,74,91,108,125,148,160,181
194,0.5036742561137212,0.47562296858071507,0.40161638593942006,0.3723999381857519,1.33,0.001,22,37,55,74,91,108,125,148,160,181
195,0.5039151909408505,0.4723726977248104,0.40200105053648694,0.3685737242970043,1.34,0.001,22,37,55,74,91,108,125,148,160,181
196,0.5040356583544151,0.4723726977248104,0.40210658338141536,0.36850985515797763,1.34,0.001,22,37,55,74,91,108,125,148,160,181
197,0.504397060595109,0.4734561213434453,0.4025094372897867,0.36965512008195167,1.35,0.001,22,37,55,74,91,108,125,148,160,181
198,0.5040356583544151,0.4723726977248104,0.40212727276353366,0.3684220139916343,1.36,0.001,22,37,55,74,91,108,125,148,160,181
199,0.5041561257679797,0.4723726977248104,0.40238479957881557,0.368485900899572,1.36,0.001,22,37,55,74,91,108,125,149,160,181
200,0.5041561257679797,0.4723726977248104,0.4025216178342115,0.368485900899572,1.37,0.001,22,37,55,74,91,108,125,149,160,181
201,0.5041561257679797,0.4723726977248104,0.40256888144015257,0.3686180702651376,1.38,0.001,22,37,55,74,91,108,125,149,160,181
202,0.5040356583544151,0.4723726977248104,0.4024117686032057,0.36866861707133114,1.38,0.001,22,37,55,74,91,108,125,149,160,181
203,0.504397060595109,0.4734561213434453,0.40283932862271443,0.37002869136211647,1.39,0.001,22,37,55,74,91,108,125,149,160,181
204,0.50572220214432,0.4734561213434453,0.4045830684166143,0.37002869136211647,1.4,0.001,22,37,55,74,91,108,125,149,160,181
205,0.5052403324900614,0.47020585048754066,0.40414296399218574,0.36646917385683664,1.4,0.001,22,37,55,74,91,108,125,149,160,181
206,0.5052403324900614,0.4712892741061755,0.404206973661554,0.3679563654937157,1.41,0.001,22,37,55,74,91,108,125,149,160,181
207,0.5054812673171907,0.4712892741061755,0.4045190669434682,0.3680246490927763,1.42,0.001,22,37,55,74,91,108,125,149,160,181
208,0.5059631369714492,0.4723726977248104,0.40503098558002737,0.36928516806162615,1.42,0.001,22,37,55,74,91,108,125,149,160,181
209,0.5063245392121432,0.4734561213434453,0.40544754967823116,0.3704530686655224,1.43,0.001,22,37,55,74,91,108,125,149,160,181
210,0.5062040717985785,0.4723726977248104,0.4054025126007583,0.3693816165680407,1.44,0.001,22,37,55,74,91,108,125,149,160,181
211,0.5060836043850139,0.4734561213434453,0.40541484596535393,0.3708080449629214,1.45,0.001,22,37,55,74,91,108,125,149,160,181
212,0.5062040717985785,0.4723726977248104,0.40555436261576283,0.3694497321394754,1.45,0.001,22,37,55,74,91,108,125,149,160,181
213,0.5063245392121432,0.4712892741061755,0.40569463979947973,0.36811951219854355,1.46,0.001,22,37,55,74,91,108,125,149,160,181
214,0.5070473436935309,0.4712892741061755,0.40650193439875426,0.3680556822151667,1.47,0.001,22,37,55,74,91,108,125,149,160,181
215,0.5068064088664016,0.4712892741061755,0.4062756249321269,0.36811951219854355,1.47,0.001,22,37,55,74,91,108,125,149,160,181
216,0.5060836043850139,0.4734561213434453,0.4055228881923785,0.37074891004887245,1.48,0.001,22,37,55,74,91,108,125,149,160,181
217,0.5062040717985785,0.4745395449620802,0.40570841866522533,0.37210708214343813,1.49,0.001,22,37,55,74,91,108,125,149,160,181
218,0.5059631369714492,0.47670639219934996,0.40541353750639775,0.37460948952723505,1.49,0.001,22,37,55,74,91,108,125,149,160,181
219,0.5063245392121432,0.47562296858071507,0.40569077735109293,0.37318806518826153,1.5,0.001,22,37,55,74,91,108,125,149,160,181
220,0.5059631369714492,0.47562296858071507,0.40520296777194487,0.37328391417676976,1.51,0.001,22,37,55,74,91,108,125,149,160,181
221,0.5052403324900614,0.4745395449620802,0.40452007599851103,0.3721158890145001,1.51,0.001,22,37,55,74,91,108,125,149,160,181
222,0.5051198650764968,0.47562296858071507,0.4044398712938635,0.37334721119505787,1.52,0.001,22,37,55,74,91,108,125,149,160,181
223,0.5051198650764968,0.47562296858071507,0.4044527271048144,0.3734236780354936,1.53,0.001,22,37,55,74,91,108,125,149,160,181
224,0.505360799903626,0.47562296858071507,0.404675455442261,0.3733603964645862,1.54,0.001,22,37,55,74,91,108,125,149,160,181
225,0.50572220214432,0.47562296858071507,0.4050632659325044,0.3733603964645862,1.54,0.001,22,37,55,74,91,108,125,149,160,181
226,0.50572220214432,0.47562296858071507,0.40509988597181146,0.3733603964645862,1.55,0.001,22,37,55,74,91,108,125,149,160,181
227,0.5046379954222383,0.4745395449620802,0.4039060982995324,0.3720656865399262,1.56,0.001,22,37,55,74,91,108,125,149,160,181
228,0.505360799903626,0.4745395449620802,0.4047064716605162,0.37220482456570914,1.56,0.001,22,37,55,74,91,108,125,149,160,181
229,0.5052403324900614,0.4745395449620802,0.4045322138308832,0.37220482456570914,1.57,0.001,22,37,55,74,91,108,125,149,160,181
230,0.5056017347307553,0.4734561213434453,0.40495285734050657,0.3708468737859175,1.58,0.001,22,37,55,74,91,108,125,149,160,181
231,0.50572220214432,0.4734561213434453,0.40511715526591086,0.3709430427319743,1.58,0.001,22,37,55,74,91,108,125,149,160,181
232,0.50572220214432,0.4723726977248104,0.4051752629216271,0.3697759519937187,1.59,0.001,22,37,55,74,91,108,125,149,160,181
233,0.50572220214432,0.4723726977248104,0.40518623280525745,0.3697759519937187,1.6,0.001,22,37,55,74,91,108,125,149,160,181
234,0.5058426695578846,0.4734561213434453,0.40532005948912264,0.3710065510510847,1.61,0.001,22,37,55,74,91,108,125,149,160,181
235,0.5059631369714492,0.4745395449620802,0.4054374533838816,0.3722180306672238,1.61,0.001,22,37,55,74,91,108,125,149,160,181
236,0.5058426695578846,0.4745395449620802,0.40534009304794894,0.3722972556102102,1.62,0.001,22,37,55,74,91,108,126,149,160,181
237,0.50572220214432,0.4745395449620802,0.40521414393271593,0.3722972556102102,1.63,0.001,22,37,55,74,91,108,126,149,160,181
238,0.5052403324900614,0.4745395449620802,0.4047070705814907,0.3722972556102102,1.63,0.001,22,37,55,74,91,108,126,149,160,181
239,0.5058426695578846,0.4745395449620802,0.40534871256721117,0.3722972556102102,1.64,0.001,22,37,55,74,91,108,126,149,160,181
240,0.506685941452837,0.47670639219934996,0.4062082606667966,0.37479893137371767,1.65,0.001,22,37,55,74,91,108,126,149,159,181
241,0.5065654740392723,0.47562296858071507,0.40618836364897615,0.37356777169043265,1.65,0.001,21,37,55,74,91,108,126,149,159,181
242,0.5063245392121432,0.4745395449620802,0.40598669060868875,0.3723368605836439,1.66,0.001,21,37,55,74,91,108,126,149,159,181
243,0.5068064088664016,0.47562296858071507,0.4065023268875312,0.37356777169043265,1.67,0.001,21,37,55,74,91,108,126,149,159,181
244,0.5072882785206602,0.47562296858071507,0.4070437275929324,0.37356777169043265,1.68,0.001,21,37,55,74,91,108,126,149,159,181
245,0.5075292133477894,0.47562296858071507,0.40732757465126157,0.37360554137805335,1.68,0.001,21,37,55,74,91,108,126,149,159,181
246,0.5074087459342248,0.47562296858071507,0.4072681257627587,0.3737012627420303,1.69,0.001,21,37,55,74,91,108,126,149,159,181
247,0.5070473436935309,0.47562296858071507,0.40689120168340487,0.37378027668322167,1.7,0.001,21,37,55,74,91,108,126,149,159,181
248,0.5075292133477894,0.47562296858071507,0.4074182574543971,0.37385927069010716,1.7,0.001,21,37,55,74,91,108,126,149,159,181
249,0.5077701481749187,0.47562296858071507,0.40764622008278517,0.3737328707111065,1.71,0.001,21,37,55,74,91,108,126,149,159,181
250,0.5077701481749187,0.47562296858071507,0.40766055800665635,0.37383381924198256,1.72,0.001,21,37,55,74,91,108,126,149,159,181
251,0.5076496807613541,0.47562296858071507,0.4075785557401491,0.37378642137636564,1.72,0.001,21,37,55,74,91,108,126,149,159,181
252,0.5075292133477894,0.47562296858071507,0.40748384598670806,0.37378642137636564,1.73,0.001,21,37,55,74,91,108,126,149,159,181
253,0.5078906155884834,0.47562296858071507,0.40788190251217604,0.37375130721977834,1.74,0.001,21,37,55,74,91,108,126,149,159,181
254,0.5082520178291772,0.47562296858071507,0.4082905066799102,0.3738188984655667,1.74,0.001,21,37,55,74,91,108,126,149,159,181
255,0.5081315504156125,0.47562296858071507,0.4082291407476878,0.3738188984655667,1.75,0.001,21,37,55,74,91,108,126,149,159,181
256,0.5080110830020479,0.47562296858071507,0.4080995522783166,0.373813632139408,1.76,0.001,21,37,55,74,91,108,126,149,159,181
257,0.5082520178291772,0.47562296858071507,0.40828567093857504,0.373813632139408,1.77,0.001,21,37,55,74,91,108,126,149,159,181
258,0.5081315504156125,0.47562296858071507,0.4081140784589339,0.373793443735159,1.77,0.001,21,37,55,74,91,108,126,149,159,181
259,0.5078906155884834,0.4745395449620802,0.4080095042260713,0.37259109345786534,1.78,0.001,21,37,55,74,91,108,126,149,159,181
260,0.5076496807613541,0.4745395449620802,0.40781097659576315,0.3726262651743846,1.79,0.001,21,37,55,74,91,108,126,149,159,181
261,0.5077701481749187,0.4745395449620802,0.4079068529155414,0.37248467500353954,1.79,0.001,21,37,55,74,91,108,126,149,159,181
262,0.5078906155884834,0.4745395449620802,0.40803072105027494,0.37245916439101256,1.8,0.001,21,37,55,74,91,108,126,149,159,181
263,0.5076496807613541,0.47562296858071507,0.4078460369084812,0.3738311862154613,1.81,0.001,21,37,55,74,91,108,126,149,159,181
264,0.5077701481749187,0.4745395449620802,0.40806359775749623,0.37259549013809334,1.81,0.001,21,37,55,74,91,108,126,149,159,181
265,0.5076496807613541,0.4745395449620802,0.4078973588765533,0.37245916439101256,1.82,0.001,21,37,55,74,91,108,126,149,159,181
266,0.5078906155884834,0.47562296858071507,0.4082252702978555,0.37382065388793495,1.83,0.001,21,37,55,74,91,108,126,149,159,181
267,0.5076496807613541,0.47778981581798485,0.40795629685423507,0.3766266157564718,1.83,0.001,21,37,55,74,91,108,126,149,159,181
268,0.5072882785206602,0.47778981581798485,0.40749176173849844,0.376526150568978,1.84,0.001,21,37,55,74,91,108,126,149,159,181
269,0.5074087459342248,0.47670639219934996,0.40766286549751996,0.3752370141472746,1.85,0.001,21,37,55,74,91,108,126,149,159,181
270,0.5077701481749187,0.47778981581798485,0.40812232082094213,0.3766606792076378,1.86,0.001,21,37,55,74,91,108,126,149,159,181
271,0.5077701481749187,0.47670639219934996,0.4081661411894403,0.3752694078772201,1.86,0.001,21,37,55,74,91,108,126,149,159,181
272,0.5077701481749187,0.47670639219934996,0.40814465008725087,0.3752694078772201,1.87,0.001,21,37,55,74,91,108,126,149,159,181
273,0.5076496807613541,0.47670639219934996,0.4079969287065307,0.3752982967483378,1.88,0.001,21,37,55,74,91,108,126,149,159,181
274,0.5076496807613541,0.47778981581798485,0.4080544112353117,0.37665456552899157,1.88,0.001,21,37,55,74,91,108,126,149,159,181
275,0.5074087459342248,0.47778981581798485,0.40792603974663266,0.37665456552899157,1.89,0.001,21,37,55,74,91,108,126,149,159,181
276,0.5076496807613541,0.4788732394366197,0.4082377435978012,0.37792427978926135,1.9,0.001,21,37,55,74,91,108,126,149,159,181
277,0.5078906155884834,0.4788732394366197,0.4085024719788354,0.3778894120284736,1.9,0.001,21,37,55,74,91,108,127,149,159,181
278,0.5082520178291772,0.47778981581798485,0.4088805346554345,0.37669823203134967,1.91,0.001,21,37,55,74,91,108,127,149,159,181
279,0.5084929526563065,0.47778981581798485,0.40915710811732975,0.37669823203134967,1.92,0.001,21,37,55,74,91,108,127,149,159,181
280,0.5088543548970004,0.47778981581798485,0.409738371210829,0.37676983185284074,1.93,0.001,21,37,55,74,91,108,127,149,159,181
281,0.5093362245512589,0.4788732394366197,0.41036400921821004,0.3781952433574094,1.93,0.001,21,37,55,74,91,108,127,149,159,181
282,0.5093362245512589,0.4788732394366197,0.4103359556457875,0.378190017997577,1.94,0.001,21,37,55,74,91,108,127,149,159,181
283,0.5094566919648235,0.4799566630552546,0.41044662371895557,0.3793254170612662,1.95,0.001,21,37,55,74,91,108,127,149,159,181
284,0.5094566919648235,0.4810400866738895,0.4104784778693318,0.38061848910905505,1.95,0.001,21,37,55,74,91,108,127,149,159,181
285,0.5093362245512589,0.4799566630552546,0.4104400736181504,0.3792906338789852,1.96,0.001,21,37,55,74,91,108,127,149,159,181
286,0.5100590290326467,0.4799566630552546,0.41137166774982337,0.3793880169665319,1.97,0.001,21,37,55,74,91,108,127,149,159,181
287,0.5107818335140345,0.4799566630552546,0.41222559415405247,0.3793880169665319,1.98,0.001,21,37,55,74,91,108,127,149,159,181
288,0.5107818335140345,0.4799566630552546,0.41214384119411185,0.379325417061266,1.98,0.001,21,37,55,74,91,108,127,149,159,181
289,0.510902300927599,0.48212351029252437,0.41234603644393153,0.3818180289647132,1.99,0.001,21,37,55,74,91,108,127,149,159,181
290,0.5116251054089869,0.48212351029252437,0.4133206551672781,0.3818180289647132,2.0,0.001,21,37,55,74,91,108,127,149,159,181
291,0.5119865076496808,0.48212351029252437,0.4137926880749311,0.3818180289647132,2.0,0.001,21,37,55,74,91,108,127,149,159,181
292,0.5128297795446332,0.48212351029252437,0.4148100427482435,0.3818180289647132,2.01,0.001,21,37,55,74,91,108,127,149,159,181
293,0.5134321166124564,0.48212351029252437,0.4155161177723271,0.3818552720252081,2.02,0.001,21,37,55,74,91,108,127,149,159,181
294,0.5146367907481026,0.48212351029252437,0.41708666425528507,0.3818552720252081,2.02,0.001,21,37,55,74,91,108,128,149,159,181
295,0.5159619322973136,0.48320693391115926,0.41878044228453914,0.38318303004151144,2.03,0.001,21,37,55,74,91,108,128,149,159,181
296,0.5157209974701843,0.48537378114842905,0.41847388679204256,0.38596196374525027,2.04,0.001,21,37,55,74,91,108,128,149,159,181
297,0.5165642693651368,0.48429035752979416,0.4193782998521861,0.38451236374385167,2.05,0.001,21,37,55,74,91,108,128,149,159,181
298,0.5172870738465245,0.48645720476706394,0.4202973459665883,0.38721519643339875,2.05,0.001,21,37,55,74,91,108,128,149,159,181
299,0.5175280086736538,0.4886240520043337,0.42074167704942467,0.38993408606200985,2.06,0.001,21,37,55,74,91,108,128,149,159,181
300,0.5182508131550415,0.4886240520043337,0.4216842061911361,0.38992896022584844,2.07,0.001,21,37,55,74,91,108,128,149,159,181
301,0.5184917479821708,0.49187432286023836,0.4218583431796953,0.39371144055630636,2.07,0.001,21,37,55,74,91,108,128,149,159,181
302,0.5194554872906879,0.49295774647887325,0.42301185482791037,0.3950380583584837,2.08,0.001,21,37,55,74,91,108,128,149,159,181
303,0.5195759547042526,0.49295774647887325,0.42338029966280577,0.3950380583584837,2.09,0.001,21,37,55,74,91,108,128,149,159,181
304,0.5196964221178171,0.49404117009750814,0.4234910877819782,0.396364527535623,2.09,0.001,21,37,55,74,91,108,128,149,159,181
305,0.5206601614263342,0.49404117009750814,0.4244782996676004,0.396364527535623,2.1,0.001,21,37,55,74,91,108,128,149,159,181
306,0.5210215636670281,0.49404117009750814,0.424958219677382,0.39647693669071193,2.11,0.001,21,37,55,74,91,108,128,149,159,181
307,0.5229490422840621,0.49512459371614304,0.427544877143862,0.3978662313827218,2.12,0.001,21,37,55,74,91,108,128,149,159,181
308,0.5229490422840621,0.49512459371614304,0.42758934598154863,0.3978637025422779,2.12,0.001,21,37,55,74,91,108,128,149,159,181
309,0.5240332490061438,0.49729144095341277,0.4289877428387451,0.40047483593522515,2.13,0.001,21,37,55,74,91,108,128,149,159,181
310,0.5243946512468377,0.49945828819068255,0.4293028258892322,0.4031458900198194,2.14,0.001,21,37,55,74,91,108,128,149,159,181
311,0.5245151186604023,0.49945828819068255,0.4294467832418082,0.4031433838195094,2.14,0.001,21,37,55,74,91,108,129,149,159,181
312,0.525599325382484,0.49945828819068255,0.43094697650122027,0.40323442892289263,2.15,0.001,21,37,55,74,91,108,129,149,159,181
313,0.5269244669316949,0.5005417118093174,0.4327353607716937,0.4046219480968326,2.16,0.001,21,37,55,74,91,108,129,149,159,181
314,0.5268039995181304,0.5005417118093174,0.4323648432262689,0.4045594610706379,2.16,0.001,21,37,55,74,91,108,129,149,159,181
315,0.5270449343452596,0.5016251354279523,0.4326203591384895,0.4058868389200233,2.17,0.001,21,37,55,74,91,108,129,149,159,181
316,0.5284905433080351,0.5037919826652221,0.43467780654296984,0.4086933411664324,2.18,0.001,21,37,55,74,91,108,129,149,159,181
317,0.5295747500301169,0.5037919826652221,0.4362196364847377,0.40875288641611673,2.19,0.001,21,37,55,74,91,108,129,149,159,181
318,0.5298156848572461,0.504875406283857,0.4365306305700418,0.41007682227384423,2.19,0.001,21,37,55,74,91,108,129,149,159,181
319,0.5321045657149741,0.504875406283857,0.43928141947188415,0.41001741368337863,2.2,0.001,21,37,55,74,91,108,129,149,159,181
320,0.5322250331285387,0.5059588299024919,0.43941030360120037,0.41143188762489424,2.21,0.001,21,37,55,74,91,108,129,149,159,181
321,0.5331887724370558,0.5081256771397616,0.44065183629378135,0.4142017376473959,2.21,0.001,21,37,55,74,91,108,129,149,159,181
322,0.534393446572702,0.5092091007583965,0.4423442037403551,0.41573543981342387,2.22,0.001,21,37,55,74,91,108,129,149,159,181
323,0.5352367184676545,0.5092091007583965,0.4434048050263174,0.41576809520549185,2.23,0.001,21,37,55,74,91,108,129,149,159,181
324,0.5363209251897362,0.5092091007583965,0.44472690183112373,0.4157966656792993,2.23,0.001,21,37,55,74,91,108,129,149,159,181
325,0.5369232622575594,0.5092091007583965,0.44553438940968504,0.4157966656792993,2.24,0.001,21,37,55,74,91,108,129,149,159,181
326,0.5375255993253825,0.5113759479956663,0.4463773491886752,0.4187097395823879,2.25,0.001,21,37,55,74,91,108,129,149,159,181
327,0.5377665341525117,0.5124593716143012,0.4466684321796498,0.4200917577216384,2.26,0.001,21,37,55,74,91,108,129,149,159,181
328,0.5382484038067703,0.5124593716143012,0.44721844809681144,0.4197036695517321,2.26,0.001,21,37,55,74,91,108,129,149,159,181
329,0.5384893386338996,0.514626218851571,0.44756197183135293,0.42246350800791643,2.27,0.001,21,37,55,74,91,108,129,149,159,181
330,0.5390916757017227,0.514626218851571,0.44848637073259134,0.4225215801667759,2.28,0.001,21,37,55,74,91,108,129,149,159,181
331,0.5400554150102397,0.514626218851571,0.44983294951114583,0.4226360771468025,2.28,0.001,21,37,55,74,91,108,129,149,159,181
332,0.5399349475966752,0.5167930660888408,0.4496476081937052,0.4252529173100712,2.29,0.001,21,37,55,74,91,108,129,149,159,181
333,0.5396940127695459,0.5167930660888408,0.4493205476925338,0.4250201130802065,2.3,0.001,21,37,55,74,91,108,129,149,159,181
334,0.5405372846644982,0.5167930660888408,0.4503734585703554,0.42516543714645183,2.31,0.001,21,37,55,74,91,108,129,149,159,181
335,0.5411396217323214,0.5167930660888408,0.4512245914072889,0.4252360654043933,2.31,0.001,21,37,55,74,91,108,129,149,160,181
336,0.5416214913865799,0.5167930660888408,0.45184233690449505,0.4251485801103738,2.32,0.001,21,37,55,74,91,108,129,149,160,181
337,0.5421033610408384,0.5178764897074756,0.45243516930037064,0.42638461774802183,2.33,0.001,21,37,55,74,91,108,129,149,160,181
338,0.5434285025900494,0.5178764897074756,0.454155619205342,0.4265616034244213,2.33,0.001,21,37,55,74,91,108,129,149,160,181
339,0.5443922418985664,0.5189599133261105,0.4555360706259318,0.4279093336832597,2.34,0.001,21,37,55,74,91,108,129,149,160,181
340,0.544874111552825,0.5200433369447454,0.4561060983373879,0.42925519218662966,2.35,0.001,21,37,55,74,91,108,129,149,160,181
341,0.5452355137935189,0.5189599133261105,0.45653731006157816,0.4278821790098378,2.35,0.001,21,37,55,74,91,108,129,149,160,181
342,0.5454764486206481,0.5178764897074756,0.45678611224161403,0.4264839353784716,2.36,0.001,21,37,55,74,91,108,129,149,160,181
343,0.545837850861342,0.5200433369447454,0.45726012143172134,0.42911733497151794,2.37,0.001,21,37,55,74,91,108,129,149,160,181
344,0.5463197205156005,0.5211267605633803,0.4579183745385189,0.4304521302586354,2.38,0.001,21,37,55,74,91,108,129,149,160,181
345,0.5468015901698591,0.52329360780065,0.45847365838178655,0.43295960681922907,2.38,0.001,21,37,55,74,91,108,129,149,160,181
346,0.5476448620648114,0.52329360780065,0.4596463578165503,0.4330458915650709,2.39,0.001,21,37,55,74,91,108,129,149,160,181
347,0.5477653294783761,0.5265438786565547,0.45990730469082686,0.43709458629659814,2.4,0.001,21,37,55,74,91,108,129,149,160,181
348,0.5478857968919407,0.5265438786565547,0.46010254803796025,0.4370757318625371,2.4,0.001,21,37,55,74,91,108,129,149,160,181
349,0.5488495362004577,0.5254604550379198,0.46112989494377865,0.4357308753084628,2.41,0.001,21,37,55,74,91,108,129,149,160,181
350,0.5493314058547163,0.5265438786565547,0.46181449417925435,0.4370505906522856,2.42,0.001,21,37,55,74,91,108,129,149,160,181
351,0.549090471027587,0.5265438786565547,0.46165847998475695,0.4370152320256375,2.42,0.001,21,37,55,74,91,108,129,149,160,181
352,0.5499337429225395,0.5265438786565547,0.4627399663416183,0.43716135226062847,2.43,0.001,21,37,55,74,91,108,129,149,160,181
353,0.5502951451632333,0.5276273022751896,0.4629201768224711,0.43822197901296434,2.44,0.001,20,37,55,74,91,108,129,149,160,181
354,0.5510179496446211,0.5287107258938245,0.4639700456373028,0.4397028717835647,2.45,0.001,20,37,55,74,91,108,129,149,160,181
355,0.5510179496446211,0.5297941495124594,0.46418504337392463,0.4412022364074636,2.45,0.001,20,37,55,74,91,108,129,149,160,181
356,0.5518612215395735,0.5287107258938245,0.4655429859902973,0.4400872978796099,2.46,0.001,20,37,55,74,91,108,129,149,160,181
357,0.5521021563667028,0.5297941495124594,0.4657141828841779,0.4413183582445507,2.47,0.001,20,37,55,74,91,108,129,149,160,181
358,0.5533068305023491,0.5319609967497292,0.4673317601043029,0.44399451156253134,2.47,0.001,20,37,55,74,91,108,129,149,160,181
359,0.5529454282616553,0.5308775731310943,0.4669131146387493,0.4426180809981187,2.48,0.001,20,37,55,74,91,108,129,149,160,181
360,0.553668232743043,0.5308775731310943,0.4679584041910101,0.4428480814135852,2.49,0.001,20,37,55,74,91,108,129,149,160,181
361,0.5543910372244308,0.5319609967497292,0.46865718601664397,0.44399451156253134,2.49,0.001,20,37,55,74,91,108,129,149,160,181
362,0.55463197205156,0.5352112676056338,0.46903118476658745,0.44791416859541,2.5,0.001,20,37,55,74,91,108,129,149,160,181
363,0.5547524394651246,0.5341278439869989,0.4692207416253842,0.4467576168577997,2.51,0.001,20,37,55,74,91,108,129,149,160,181
364,0.5545115046379954,0.5352112676056338,0.4690557909419343,0.4482180556426496,2.52,0.001,20,37,55,74,91,108,129,149,160,181
365,0.5551138417058186,0.5352112676056338,0.46978242007204585,0.4482180556426496,2.52,0.001,20,37,55,74,91,108,129,149,160,181
366,0.5558366461872064,0.5362946912242686,0.4707554101741557,0.44955411882733254,2.53,0.001,20,37,55,74,91,108,129,149,160,181
367,0.5566799180821588,0.5373781148429035,0.4718482649883341,0.45106431578903383,2.54,0.001,20,37,55,74,91,108,129,149,160,181
368,0.5568003854957234,0.5406283856988082,0.4721235280952495,0.45510239316524925,2.54,0.001,20,37,55,74,91,108,129,149,160,181
369,0.5574027225635466,0.5406283856988082,0.4728318525789913,0.45510694524503703,2.55,0.001,20,37,55,74,91,108,129,149,160,181
370,0.5584869292856283,0.5417118093174431,0.474232821398482,0.45656155959701694,2.56,0.001,20,37,55,74,91,108,129,149,160,181
371,0.559209733767016,0.5438786565547129,0.475173102446095,0.45925896032907887,2.56,0.001,20,37,55,74,91,108,129,149,160,181
372,0.5604144079026623,0.5438786565547129,0.47667670489042313,0.4593409681921079,2.57,0.001,20,37,55,74,91,108,129,149,160,181
373,0.561498614624744,0.5438786565547129,0.4779299405977545,0.4592544454123678,2.58,0.001,20,37,55,74,91,108,129,149,160,181
374,0.5619804842790025,0.5449620801733478,0.47888628166975744,0.46082249396370434,2.59,0.001,20,37,55,74,91,108,129,149,160,181
375,0.5612576797976148,0.5482123510292525,0.47754918126034795,0.46426095792213573,2.59,0.001,20,37,55,74,91,108,129,149,160,181
376,0.5648717022045536,0.5547128927410617,0.4829463520323567,0.4732795810151663,2.6,0.001,20,37,55,74,91,108,129,149,160,181
377,0.5621009516925671,0.5492957746478874,0.4786210533722117,0.4656528068090412,2.61,0.001,20,37,55,74,91,108,129,149,160,181
378,0.5654740392723768,0.5557963163596966,0.4835980943751913,0.474640648817341,2.61,0.001,20,37,55,74,91,108,129,149,160,182
379,0.5652331044452475,0.551462621885157,0.48304795083722496,0.46902795050474866,2.62,0.001,20,37,55,74,91,108,129,149,160,182
380,0.5641488977231659,0.5492957746478874,0.4813649028047189,0.46618396777929305,2.63,0.001,20,37,55,74,91,108,129,149,160,182
381,0.5687266594386219,0.5590465872156013,0.4880399088505899,0.4788970947265625,2.64,0.001,20,37,55,74,91,108,129,149,160,182
382,0.5667991808215878,0.5536294691224268,0.484942657968795,0.47187042996043294,2.64,0.001,20,37,55,74,91,108,129,149,160,182
383,0.567401517889411,0.5557963163596966,0.4856849459645436,0.47448306508727833,2.65,0.001,20,37,55,74,91,108,129,149,160,182
384,0.5711360077099145,0.5612134344528711,0.49102618017951816,0.48161240086477664,2.66,0.001,19,37,55,74,91,108,129,149,160,182
385,0.5686061920250572,0.5557963163596966,0.48716184609638824,0.47472013436326665,2.66,0.001,19,37,55,74,91,108,129,149,160,182
386,0.5712564751234791,0.5601300108342362,0.49084473861509914,0.48031945948719523,2.67,0.001,19,37,55,74,91,108,129,149,160,182
387,0.5728225514998193,0.562296858071506,0.4930554318898227,0.48304865047710543,2.68,0.001,19,37,55,74,91,108,129,149,160,182
388,0.5710155402963498,0.5601300108342362,0.49027535296269875,0.48023440479905677,2.69,0.001,19,37,55,74,91,108,129,149,160,182
389,0.5740272256354656,0.5633802816901409,0.4946048584253788,0.48438327377371415,2.69,0.001,19,37,55,74,91,108,129,149,160,182
390,0.5745090952897242,0.5633802816901409,0.4952444751262558,0.48443472981851154,2.7,0.001,19,37,55,74,91,108,129,149,160,182
391,0.5733044211540779,0.562296858071506,0.49335732140367494,0.4829640701542267,2.71,0.001,19,37,55,74,91,108,129,149,160,182
392,0.5767979761474521,0.5666305525460456,0.49849714650792243,0.488408829520418,2.71,0.001,19,37,55,74,91,108,129,149,160,182
393,0.5752318997711119,0.5655471289274107,0.49613699288493596,0.4870459786682041,2.72,0.001,19,37,55,74,91,108,129,149,160,182
394,0.5763161064931935,0.5655471289274107,0.49746903184361657,0.48696847845221314,2.73,0.001,19,37,55,74,91,108,129,149,160,182
395,0.5787254547644862,0.5731310942578548,0.5009743847209297,0.49671104984838854,2.74,0.001,19,37,55,74,91,108,129,149,160,182
396,0.5783640525237923,0.5677139761646804,0.5001257621540103,0.4897910270761524,2.74,0.001,19,37,55,74,91,108,129,149,160,182
397,0.5789663895916155,0.570964247020585,0.5011123603939343,0.4939412735509453,2.75,0.001,19,37,55,74,91,108,129,149,160,182
398,0.5806529333815204,0.5731310942578548,0.5033985986337068,0.4968022781173983,2.76,0.001,19,37,55,74,91,108,129,149,160,182
399,0.5795687266594386,0.5698808234019501,0.50157308924213,0.49259379781628854,2.76,0.001,19,37,55,74,91,108,129,149,160,182
400,0.5813757378629081,0.5752979414951246,0.5042860919597355,0.4995871569149488,2.77,0.001,19,37,55,74,91,108,129,149,160,182
401,0.581737140103602,0.5752979414951246,0.504637661685229,0.499511706592376,2.78,0.001,19,37,55,74,91,108,129,149,160,182
402,0.5812552704493434,0.5731310942578548,0.5039301477611775,0.4967263729374627,2.78,0.001,19,37,55,74,91,108,129,149,160,182
403,0.5842669557884592,0.5785482123510293,0.5080624739814528,0.5036660317003918,2.79,0.001,19,37,55,74,91,108,129,149,160,182
404,0.5828213468256837,0.5774647887323944,0.5059334841489597,0.5021513005306679,2.8,0.001,19,37,55,74,91,108,129,149,160,182
405,0.5840260209613299,0.5785482123510293,0.5076488944815752,0.5036365270164718,2.81,0.001,19,37,55,74,91,108,129,149,160,182
406,0.5858330321647994,0.580715059588299,0.5099491919911104,0.5063147856372834,2.81,0.001,19,37,55,74,91,108,129,149,160,182
407,0.5848692928562824,0.580715059588299,0.5085355245696879,0.506163264290395,2.82,0.001,19,37,55,74,91,108,129,149,160,182
408,0.5867967714733164,0.5839653304442037,0.5112206235962955,0.5103603858741226,2.83,0.001,19,37,55,74,91,108,129,149,160,182
409,0.5864353692326226,0.581798483206934,0.51050745134066,0.5075720823260951,2.83,0.001,19,37,55,74,91,108,129,149,160,182
410,0.5880014456089627,0.5839653304442037,0.5127249108404821,0.5103603858741226,2.84,0.001,19,37,55,74,91,108,129,149,160,182
411,0.5883628478496566,0.5839653304442037,0.5131401196468446,0.5103603858741226,2.85,0.001,19,37,55,74,91,108,129,149,160,182
412,0.5880014456089627,0.5839653304442037,0.512560469319596,0.5103603858741226,2.86,0.001,19,37,55,74,91,108,129,149,160,182
413,0.5883628478496566,0.5861321776814734,0.5133217089049077,0.5130747251442122,2.86,0.001,19,37,55,74,91,108,129,149,160,182
414,0.5895675219853029,0.5839653304442037,0.5146421969212724,0.5103603858741226,2.87,0.001,19,37,55,74,91,108,129,149,160,182
415,0.5895675219853029,0.5882990249187432,0.5148387446287722,0.5157049989782224,2.88,0.001,19,37,55,74,91,108,129,149,160,182
416,0.5896879893988676,0.5872156013001083,0.5149394406998957,0.5143983540003867,2.88,0.001,19,37,55,74,91,108,129,149,160,182
417,0.5896879893988676,0.5872156013001083,0.5149413130959213,0.5143319600983869,2.89,0.001,19,37,55,74,91,108,129,149,160,182
418,0.5924587399108541,0.590465872156013,0.5186675146662495,0.5183064639717688,2.9,0.001,19,37,55,74,91,108,129,149,160,182
419,0.5908926635345139,0.5882990249187432,0.5163930217593664,0.5156835994675474,2.9,0.001,19,37,55,74,91,108,129,149,160,182
420,0.5941452837007589,0.590465872156013,0.5208588642776031,0.5185151962198169,2.91,0.001,19,37,55,74,91,108,129,149,160,182
421,0.5920973376701603,0.5893824485373781,0.5178981300293224,0.5169621183040091,2.92,0.001,19,37,55,74,91,108,129,149,160,182
422,0.596072762317793,0.5969664138678223,0.5233708418730827,0.526531557805991,2.93,0.001,19,37,55,74,91,108,128,149,160,182
423,0.5941452837007589,0.590465872156013,0.5204818029757421,0.5182718793795004,2.93,0.001,19,37,55,74,91,108,128,149,160,182
424,0.5970365016263101,0.5958829902491874,0.5244558348243518,0.5252096900090744,2.94,0.001,19,37,55,74,91,108,128,149,160,182
425,0.5963136971449223,0.5937161430119177,0.5234103182301035,0.5223147498992531,2.95,0.001,19,37,55,74,91,108,128,149,160,182
426,0.597397903867004,0.5969664138678223,0.5248257646579492,0.5264545047064096,2.95,0.001,19,37,55,74,91,108,128,149,160,182
427,0.5980002409348272,0.5980498374864572,0.5257678531933287,0.5279013210320097,2.96,0.001,19,37,55,74,91,108,128,149,160,182
428,0.5972774364534393,0.5937161430119177,0.5244884259954194,0.5222343077521926,2.97,0.001,19,37,55,74,91,108,128,149,160,182
429,0.6013733285146368,0.5980498374864572,0.5302083234989761,0.5283240035702872,2.98,0.001,19,37,55,74,91,108,128,149,160,182
430,0.5987230454162149,0.5969664138678223,0.5263810605804065,0.5263218885541171,2.98,0.001,19,37,55,74,91,108,128,149,160,182
431,0.6023370678231539,0.5969664138678223,0.5313277785807073,0.5269535985892208,2.99,0.001,19,37,55,74,91,108,128,149,160,182
432,0.6024575352367185,0.600216684723727,0.5311754553519553,0.5303919432808738,3.0,0.001,19,37,55,74,91,108,128,149,160,182
433,0.6034212745452355,0.6013001083423619,0.5324662712953926,0.5319498415323136,3.01,0.001,19,37,55,74,91,108,128,149,160,182
434,0.6041440790266233,0.600216684723727,0.5335996077851294,0.5309804342796708,3.01,0.001,19,37,55,74,91,108,128,149,160,182
435,0.6033008071316709,0.600216684723727,0.5322067996543061,0.530500698899681,3.02,0.001,19,37,55,74,91,108,128,149,160,182
436,0.6076376340199976,0.6034669555796316,0.538156591648852,0.5351232931002927,3.03,0.001,19,37,55,74,91,108,128,149,160,182
437,0.6046259486808818,0.6013001083423619,0.5336865673455603,0.531749817339638,3.03,0.001,19,37,55,74,91,108,128,149,160,182
438,0.6073966991928683,0.6023835319609967,0.5377440666499806,0.5337832072163331,3.04,0.001,19,37,55,74,91,108,128,149,160,182
439,0.6079990362606915,0.6045503791982665,0.5383472154418423,0.5361917598128769,3.05,0.001,19,37,55,74,91,108,128,149,160,182
440,0.60848090591495,0.6034669555796316,0.5388370384032812,0.5347775851313034,3.06,0.001,19,37,55,74,91,108,128,149,160,182
441,0.6104083845319841,0.6023835319609967,0.54148750253826,0.5340128100014856,3.06,0.001,19,37,55,74,91,108,128,149,160,182
442,0.6082399710878208,0.6056338028169014,0.5384123325136766,0.5372362991245323,3.07,0.001,19,37,55,74,91,108,128,149,160,182
443,0.612697265389712,0.6034669555796316,0.5445882598247966,0.5355208612617814,3.08,0.001,19,37,55,74,91,108,128,149,160,182
444,0.6099265148777255,0.6034669555796316,0.5405851931958519,0.5349460219216251,3.08,0.001,19,37,55,74,91,108,128,149,160,182
445,0.6125767979761475,0.6034669555796316,0.5440725998026719,0.5352716617486226,3.09,0.001,19,37,55,74,91,108,128,149,160,182
446,0.6140224069389231,0.6056338028169014,0.5461963742739908,0.5381066292721823,3.1,0.001,19,37,55,74,91,108,128,149,160,182
447,0.611733526081195,0.6034669555796316,0.5428691321194914,0.534960746335843,3.1,0.001,19,37,55,74,91,108,128,149,160,182
448,0.6157089507288278,0.6067172264355363,0.5482597873813282,0.5394293883554535,3.11,0.001,19,37,55,74,91,108,128,149,160,182
449,0.6154680159016986,0.6056338028169014,0.5476256202398158,0.5379236740329973,3.12,0.001,19,37,55,74,91,108,128,149,160,182
450,0.613058667630406,0.6034669555796316,0.5446602114514316,0.5353528406887085,3.13,0.001,19,37,55,74,91,108,128,149,160,182
451,0.6184797012408143,0.6045503791982665,0.5519263188843011,0.5371806478468071,3.13,0.001,19,37,55,74,91,108,128,149,160,182
452,0.6147452114203108,0.6023835319609967,0.5465300878264281,0.5339345908834496,3.14,0.001,19,37,55,74,91,108,128,149,160,182
453,0.6187206360679436,0.6056338028169014,0.5518174347782675,0.5380437547522896,3.15,0.001,19,37,55,74,91,108,128,149,160,182
454,0.6200457776171545,0.6056338028169014,0.5537044433874215,0.5382259802520177,3.15,0.001,19,37,55,74,91,108,128,149,160,182
455,0.6152270810745694,0.6023835319609967,0.5473322622308106,0.5339602393891449,3.16,0.001,19,37,55,74,91,108,128,149,160,182
456,0.6204071798578484,0.6056338028169014,0.554282857043974,0.5385171154366528,3.17,0.001,19,37,55,74,91,108,128,149,160,182
457,0.6211299843392363,0.6056338028169014,0.5547449826775928,0.5379872165810404,3.18,0.001,19,37,55,74,91,108,128,149,160,182
458,0.6195639079628961,0.6034669555796316,0.5528141759835787,0.5352691044708362,3.18,0.001,19,37,55,74,91,108,128,149,160,182
459,0.6223346584748826,0.6078006500541712,0.5567383620854185,0.5411668094830049,3.19,0.001,19,37,55,74,91,108,128,149,160,182
460,0.6212504517528009,0.6056338028169014,0.5549758999896119,0.5379325710419114,3.2,0.001,19,37,55,74,91,108,128,149,160,182
461,0.6229369955427057,0.6067172264355363,0.5570562544436717,0.5394217908235996,3.2,0.001,19,37,55,74,91,108,128,149,160,182
462,0.6247440067461751,0.6078006500541712,0.5594833957027339,0.5409455428744931,3.21,0.001,19,37,55,74,91,108,128,149,160,182
463,0.6211299843392363,0.6067172264355363,0.5549120244128456,0.5393825329155846,3.22,0.001,19,37,55,74,91,108,128,149,160,182
464,0.6240212022647874,0.6088840736728061,0.5586619109613384,0.5424833101281639,3.22,0.001,19,37,55,74,91,108,128,149,160,182
465,0.6258282134682568,0.6132177681473456,0.5607817843584868,0.5472904278821318,3.23,0.001,19,37,55,74,91,108,128,149,160,182
466,0.6237802674376581,0.6078006500541712,0.558189112786615,0.5406236638083335,3.24,0.001,19,37,55,74,91,108,128,149,160,182
467,0.625466811227563,0.609967497291441,0.5605452575751206,0.5438627799551111,3.25,0.001,19,37,55,74,91,108,128,149,160,182
468,0.6263100831225153,0.6132177681473456,0.5614426398059125,0.5473886778146815,3.25,0.001,19,37,55,74,91,108,128,149,160,182
469,0.6269124201903385,0.6088840736728061,0.5619683893812873,0.5422419501526303,3.26,0.001,19,37,55,74,91,108,128,149,160,182
470,0.6267919527767739,0.6110509209100758,0.5619722042713866,0.5447980174026765,3.27,0.001,19,37,55,74,91,108,128,149,160,182
471,0.6307673774244067,0.6175514626218852,0.5669553487468979,0.5529291177382661,3.27,0.001,19,37,55,74,91,108,128,149,160,182
472,0.6278761594988556,0.6132177681473456,0.5631975862388221,0.5475552321190735,3.28,0.001,19,37,55,74,91,108,128,149,160,182
473,0.6295627032887604,0.6186348862405201,0.5653425604984827,0.5539599753432519,3.29,0.001,19,37,55,74,91,108,128,149,160,182
474,0.6312492470786653,0.6208017334777898,0.5675920780604249,0.5571235858937591,3.3,0.001,19,37,55,74,91,108,128,149,160,182
475,0.6290808336345018,0.6175514626218852,0.5647800501718826,0.5528499691898932,3.3,0.001,19,37,55,74,91,108,128,149,160,182
476,0.6324539212143115,0.6197183098591549,0.5689679797309177,0.5556005174118981,3.31,0.001,19,37,55,74,91,108,128,149,160,182
477,0.6311287796651006,0.6197183098591549,0.5673528913034324,0.5554938134400237,3.32,0.001,19,37,55,74,91,108,128,149,160,182
478,0.6335381279363932,0.6218851570964247,0.5703070472957548,0.5582108834767439,3.32,0.001,19,37,55,74,91,108,128,149,160,182
479,0.6346223346584748,0.6251354279523293,0.5715899047615807,0.5619081587160053,3.33,0.001,19,37,55,74,91,108,128,149,160,182
480,0.6332971931092639,0.6218851570964247,0.5700122554172649,0.5582417823539172,3.34,0.001,19,37,55,74,91,108,128,149,160,182
481,0.636188411034815,0.6251354279523293,0.5736237381567111,0.5621682240940599,3.35,0.001,19,37,55,74,91,108,128,149,160,182
482,0.6346223346584748,0.6229685807150596,0.5716928559566425,0.5595685690544554,3.35,0.001,19,37,55,74,91,108,128,149,160,182
483,0.6351042043127334,0.6262188515709642,0.5721440336208838,0.5632546025354234,3.36,0.001,19,37,55,74,91,108,128,149,160,182
484,0.6382363570654138,0.6305525460455038,0.5762233334842942,0.5689845474613686,3.37,0.001,19,37,55,74,91,108,128,149,160,182
485,0.6371521503433322,0.6294691224268689,0.5746336877075496,0.5671550922688343,3.37,0.001,19,37,55,74,91,108,128,149,160,182
486,0.6381158896518492,0.6294691224268689,0.5759728339158559,0.567524540864907,3.38,0.001,19,37,55,74,91,108,128,149,160,182
487,0.6405252379231418,0.6316359696641387,0.5789838383855209,0.5702449913041097,3.39,0.001,19,37,55,74,91,108,128,149,160,182
488,0.6385977593061077,0.6273022751895991,0.5764197431160851,0.5647825777056479,3.4,0.001,19,37,55,74,91,108,128,149,160,182
489,0.6416094446452235,0.6316359696641387,0.5803118606124471,0.5701366763190264,3.4,0.001,19,37,55,74,91,108,128,149,160,182
490,0.6402843030960125,0.6294691224268689,0.5785504666751806,0.567376362801598,3.41,0.001,19,37,55,74,91,108,128,149,160,182
491,0.6438983255029515,0.6348862405200434,0.5830634467249596,0.5741559127860971,3.42,0.001,19,37,55,74,91,108,128,149,160,182
492,0.6458258041199856,0.6327193932827736,0.5852789978888515,0.5714825694858152,3.42,0.001,19,37,55,74,91,108,128,149,160,182
493,0.6413685098180942,0.6338028169014085,0.579954142190485,0.57279460799954,3.43,0.001,19,37,55,74,91,108,128,149,160,182
494,0.6488374894591014,0.6403033586132177,0.5892498425572438,0.5808516575205309,3.44,0.001,19,37,55,74,91,108,128,149,160,182
495,0.6418503794723527,0.6359696641386782,0.5805625759107209,0.5753695498584237,3.45,0.001,19,37,55,74,91,108,128,149,160,182
496,0.6475123479098904,0.6348862405200434,0.587309500806904,0.5740223635828295,3.45,0.001,19,37,55,74,91,108,128,149,160,182
497,0.6490784242862305,0.6413867822318526,0.5895862593211323,0.582334099363343,3.46,0.001,19,37,55,74,91,108,128,149,160,182
498,0.646307673774244,0.6359696641386782,0.5857904813376809,0.575176434489107,3.47,0.001,19,37,55,74,91,108,128,149,160,182
499,0.6495602939404891,0.6359696641386782,0.5899373917588615,0.5757169476267741,3.47,0.001,19,37,55,74,92,108,128,149,160,182
